[Licensing::Module] Trying to connect to existing licensing client channel...
Built from '6000.4/staging' branch; Version is '6000.4.9f1 (f7258d6eebbe) revision 16197005'; Using compiler version '194234433'; Build Type 'Release'
[Licensing::IpcConnector] Channel LicenseClient-fujunye doesn't exist
OS: 'Windows 11  (10.0.26200) Professional' Language: 'zh' Physical Memory: 31965 MB
BatchMode: 1, IsHumanControllingUs: 0, StartBugReporterOnCrash: 0, Is64bit: 1
System  architecture: x64
Process architecture: x64
Date: 2026-08-30T13:55:33Z
[Licensing::Module] Successfully launched the LicensingClient (PId: 49176)

COMMAND LINE ARGUMENTS:
D:\UnityEngine\6000.4.9f1\Editor\Unity.exe
-batchmode
-nographics
-quit
-projectPath
D:\Agent\03-SRP-f03-worktree\02-技术研发\04-Unity视觉\SRP-Weather-Visual
-executeMethod
SRP.F03.Editor.F03Build.BuildUnauthorizedDevelopmentProbe
-logFile
D:\Agent\03-SRP-f03-worktree\03-测试与实验\evidence\F-03\unauthorized-development-negative.log
Successfully changed project path to: D:\Agent\03-SRP-f03-worktree\02-技术研发\04-Unity视觉\SRP-Weather-Visual
D:/Agent/03-SRP-f03-worktree/02-技术研发/04-Unity视觉/SRP-Weather-Visual
[UnityMemory] Configuration Parameters - Can be set up in boot.config
    "memorysetup-temp-allocator-size-gi-baking-worker=262144"
    "memorysetup-temp-allocator-size-gi-baking-worker=262144"
    "memorysetup-temp-allocator-size-gi-baking-worker=262144"
    "memorysetup-temp-allocator-size-gi-baking-worker=262144"
    "memorysetup-temp-allocator-size-gi-baking-worker=262144"
    "memorysetup-temp-allocator-size-nav-mesh-worker=65536"
    "memorysetup-temp-allocator-size-audio-worker=65536"
    "memorysetup-temp-allocator-size-cloud-worker=32768"
    "memorysetup-temp-allocator-size-gfx=262144"
    "memorysetup-temp-allocator-size-preload-manager=33554432"
    "memorysetup-temp-allocator-size-job-worker=262144"
    "memorysetup-temp-allocator-size-background-worker=32768"
    "memorysetup-allocator-temp-initial-block-size-main=262144"
    "memorysetup-allocator-temp-initial-block-size-worker=262144"
    "memorysetup-bucket-allocator-granularity=16"
    "memorysetup-bucket-allocator-bucket-count=8"
    "memorysetup-bucket-allocator-block-size=33554432"
    "memorysetup-bucket-allocator-block-count=8"
    "memorysetup-main-allocator-block-size=16777216"
    "memorysetup-thread-allocator-block-size=16777216"
    "memorysetup-gfx-main-allocator-block-size=16777216"
    "memorysetup-gfx-thread-allocator-block-size=16777216"
    "memorysetup-cache-allocator-block-size=4194304"
    "memorysetup-typetree-allocator-block-size=2097152"
    "memorysetup-profiler-bucket-allocator-granularity=16"
    "memorysetup-profiler-bucket-allocator-bucket-count=8"
    "memorysetup-profiler-bucket-allocator-block-size=33554432"
    "memorysetup-profiler-bucket-allocator-block-count=8"
    "memorysetup-profiler-allocator-block-size=16777216"
    "memorysetup-profiler-editor-allocator-block-size=1048576"
    "memorysetup-temp-allocator-size-main=16777216"
    "memorysetup-job-temp-allocator-block-size=2097152"
    "memorysetup-job-temp-allocator-block-size-background=1048576"
    "memorysetup-job-temp-allocator-reduction-small-platforms=262144"
Player connection [45404]  Target information:

Player connection [45404]  * "[IP] 192.168.1.63 [Port] 55504 [Flags] 2 [Guid] 1556519568 [EditorId] 1556519568 [Version] 1048832 [Id] WindowsEditor(7,fujunye) [Debug] 1 [PackageName] WindowsEditor [ProjectName] Editor"

Player connection [45404]  * "[IP] 172.17.112.1 [Port] 55504 [Flags] 2 [Guid] 1556519568 [EditorId] 1556519568 [Version] 1048832 [Id] WindowsEditor(7,fujunye) [Debug] 1 [PackageName] WindowsEditor [ProjectName] Editor"

Player connection [45404]  * "[IP] 172.30.64.1 [Port] 55504 [Flags] 2 [Guid] 1556519568 [EditorId] 1556519568 [Version] 1048832 [Id] WindowsEditor(7,fujunye) [Debug] 1 [PackageName] WindowsEditor [ProjectName] Editor"

Player connection [45404]  * "[IP] 198.18.0.1 [Port] 55504 [Flags] 2 [Guid] 1556519568 [EditorId] 1556519568 [Version] 1048832 [Id] WindowsEditor(7,fujunye) [Debug] 1 [PackageName] WindowsEditor [ProjectName] Editor"

Unable to join player connection multicast group (err: 10013).
Player connection [45404] Host joined alternative multi-casting on [225.0.0.222:34997]...
Input System module state changed to: Initialized.
[Physics::Module] Initialized fallback backend.
[Physics::Module] Id: 0xdecafbad
[Licensing::IpcConnector] Successfully connected to: "LicenseClient-fujunye" at "2026-08-30T13:55:33.7244356Z"
[Licensing::Client] Code 10 while verifying Licensing Client signature (process Id: 49176, path: "D:/UnityEngine/6000.4.9f1/Editor/Data/Resources/Licensing/Client/Unity.Licensing.Client.exe")
[Licensing::Module] LicensingClient has failed validation; ignoring
[Package Manager] Connected to IPC stream "Upm-8852" after 0.2 seconds.
[Licensing::Module] Licensing is not yet initialized.
[Licensing::Client] Handshaking with LicensingClient:
  Version:                 1.18.1+9fbee8e
  Session Id:              3ef35943e30f4e34afc9050d327cee0d
  Correlation Id:          85091771ad058a645372cefe9bc9053f
  External correlation Id: 6703740987867309872
  Machine Id:              A3z+bovYMTQAxNAIhKAEqyJFIVw=
[Licensing::Module] Successfully connected to LicensingClient on channel: "LicenseClient-fujunye" (connect: 0.37s, validation: 0.15s, handshake: 0.04s)
[Licensing::IpcConnector] Successfully connected to: "LicenseClient-fujunye-notifications" at "2026-08-30T13:55:33.9155841Z"
[Licensing::Module] Connected to LicensingClient (PId: 49176, launch time: 0.01, total connection time: 0.56s)
[Licensing::Module] Error: Access token is unavailable; failed to update
[Licensing::Client] Successfully resolved entitlement details
[Licensing::Module] License group:
  Id: F4-94ZE-32WQ-HYCG-A6CG-XXXX
  Product: Unity Personal
  Type: ULF
  Expiration: 2026-09-09T14:54:28Z
[Licensing::Client] Successfully updated license, isAsync: True, time: 0.02
[Licensing::Client] Successfully resolved entitlement details
[Licensing::Module] Licensing Background thread has ended after 0.62s
[Licensing::Module] Licensing is initialized (took 0.05s).
[Licensing::Client] Successfully resolved entitlement details
Library Redirect Path: Library/
[Physics::Module] Selected backend.
[Physics::Module] Name: PhysX
[Physics::Module] Id: 0xf2b8ea05
[Physics::Module] SDK Version: 4.1.2
[Physics::Module] Integration Version: 1.0.0
[Physics::Module] Threading Mode: Multi-Threaded
Artifact Garbage Collection - Removed 2 unused hashed content files
Initialize engine version: 6000.4.9f1 (f7258d6eebbe)
[Subsystems] Discovering subsystems at path D:/UnityEngine/6000.4.9f1/Editor/Data/Resources/UnitySubsystems
[Subsystems] Discovering subsystems at path D:/Agent/03-SRP-f03-worktree/02-技术研发/04-Unity视觉/SRP-Weather-Visual/Assets
Forcing GfxDevice: Null
GfxDevice: creating device client; kGfxThreadingModeNonThreaded
NullGfxDevice:
    Version:  NULL 1.0 [1.0]
    Renderer: Null Device
    Vendor:   Unity Technologies
Initialize mono
Mono path[0] = 'D:/UnityEngine/6000.4.9f1/Editor/Data/Managed'
Mono path[1] = 'D:/UnityEngine/6000.4.9f1/Editor/Data/MonoBleedingEdge/lib/mono/unityjit-win32'
Mono config path = 'D:/UnityEngine/6000.4.9f1/Editor/Data/MonoBleedingEdge/etc'
Using monoOptions --debugger-agent=transport=dt_socket,embedding=1,server=y,suspend=n,address=127.0.0.1:56852
CodeReloadManager initialized
Using cacheserver namespaces - metadata:defaultmetadata, artifacts:defaultartifacts
Using cacheserver namespaces - metadata:defaultmetadata, artifacts:defaultartifacts
ImportWorker Server TCP listen port: 0
AcceleratorClientConnectionCallback - disconnected - :0
Begin MonoManager ReloadAssembly
Registering precompiled unity dll's ...
Register platform support module: D:/UnityEngine/6000.4.9f1/Editor/Data/PlaybackEngines/WindowsStandaloneSupport/UnityEditor.WindowsStandalone.Extensions.dll
[Licensing::Client] Successfully resolved entitlement details
Register platform support module: D:/UnityEngine/6000.4.9f1/Editor/Data/PlaybackEngines/AndroidPlayer/UnityEditor.Android.Extensions.dll
Registered in 0.005931 seconds.
Native extension for Android target not found
Native extension for WindowsStandalone target not found
Package Manager log level set to [2]
ScheduleIndexationOnStartup MainProcess:False IndexOnStartup:False
Mono: successfully reloaded assembly
- Finished resetting the current domain, in  0.283 seconds
Domain Reload Profiling: 647ms
	BeginReloadAssembly (115ms)
		CreateAndSetChildDomain (15ms)
	RebuildCommonClasses (30ms)
	RebuildNativeTypeToScriptingClass (14ms)
	initialDomainReloadingComplete (62ms)
	LoadAllAssembliesAndSetupDomain (142ms)
		LoadAssemblies (98ms)
		AnalyzeDomain (134ms)
			TypeCache.Refresh (133ms)
				TypeCache.ScanAssembly (124ms)
	FinalizeReload (284ms)
		SetupLoadedEditorAssemblies (0ms)
			InitializePlatformSupportModulesInManaged (36ms)
			BeforeProcessingInitializeOnLoad (60ms)
			ProcessInitializeOnLoadAttributes (76ms)
			ProcessInitializeOnLoadMethodAttributes (64ms)
[Licensing::Client] Successfully resolved entitlement details
Application.AssetDatabase Initial Refresh Start
[Package Manager] Restoring resolved packages state from cache
[Licensing::Client] Successfully resolved entitlement details
[Package Manager] Registered 72 packages:
  Packages from [https://packages.unity.com]:
    com.unity.2d.animation@14.0.4 (location: D:\Agent\03-SRP-f03-worktree\02-技术研发\04-Unity视觉\SRP-Weather-Visual\Library\PackageCache\com.unity.2d.animation@011d329ac58b)
    com.unity.2d.aseprite@4.0.2 (location: D:\Agent\03-SRP-f03-worktree\02-技术研发\04-Unity视觉\SRP-Weather-Visual\Library\PackageCache\com.unity.2d.aseprite@ccedfadacc51)
    com.unity.2d.psdimporter@13.0.3 (location: D:\Agent\03-SRP-f03-worktree\02-技术研发\04-Unity视觉\SRP-Weather-Visual\Library\PackageCache\com.unity.2d.psdimporter@e58d0a2c1d48)
    com.unity.2d.spriteshape@14.0.1 (location: D:\Agent\03-SRP-f03-worktree\02-技术研发\04-Unity视觉\SRP-Weather-Visual\Library\PackageCache\com.unity.2d.spriteshape@da3647ffbbd7)
    com.unity.2d.tilemap.extras@7.0.1 (location: D:\Agent\03-SRP-f03-worktree\02-技术研发\04-Unity视觉\SRP-Weather-Visual\Library\PackageCache\com.unity.2d.tilemap.extras@66df903b3633)
    com.unity.2d.tooling@2.0.2 (location: D:\Agent\03-SRP-f03-worktree\02-技术研发\04-Unity视觉\SRP-Weather-Visual\Library\PackageCache\com.unity.2d.tooling@9d6aff712598)
    com.unity.cinemachine@3.1.7 (location: D:\Agent\03-SRP-f03-worktree\02-技术研发\04-Unity视觉\SRP-Weather-Visual\Library\PackageCache\com.unity.cinemachine@f3f96bcb59af)
    com.unity.collab-proxy@2.12.4 (location: D:\Agent\03-SRP-f03-worktree\02-技术研发\04-Unity视觉\SRP-Weather-Visual\Library\PackageCache\com.unity.collab-proxy@0b1559bcd34e)
    com.unity.ide.rider@3.0.40 (location: D:\Agent\03-SRP-f03-worktree\02-技术研发\04-Unity视觉\SRP-Weather-Visual\Library\PackageCache\com.unity.ide.rider@e4950c6d131b)
    com.unity.ide.visualstudio@2.0.27 (location: D:\Agent\03-SRP-f03-worktree\02-技术研发\04-Unity视觉\SRP-Weather-Visual\Library\PackageCache\com.unity.ide.visualstudio@dc1ddd4f09b6)
    com.unity.inputsystem@1.19.0 (location: D:\Agent\03-SRP-f03-worktree\02-技术研发\04-Unity视觉\SRP-Weather-Visual\Library\PackageCache\com.unity.inputsystem@21a28c3a6c83)
    com.unity.probuilder@6.1.2 (location: D:\Agent\03-SRP-f03-worktree\02-技术研发\04-Unity视觉\SRP-Weather-Visual\Library\PackageCache\com.unity.probuilder@8be9724b2335)
    com.unity.timeline@1.8.12 (location: D:\Agent\03-SRP-f03-worktree\02-技术研发\04-Unity视觉\SRP-Weather-Visual\Library\PackageCache\com.unity.timeline@8cd8509afae5)
    com.unity.visualscripting@1.9.11 (location: D:\Agent\03-SRP-f03-worktree\02-技术研发\04-Unity视觉\SRP-Weather-Visual\Library\PackageCache\com.unity.visualscripting@8bed5ad90189)
    com.unity.settings-manager@2.1.1 (location: D:\Agent\03-SRP-f03-worktree\02-技术研发\04-Unity视觉\SRP-Weather-Visual\Library\PackageCache\com.unity.settings-manager@0b8638c5ce86)
    com.unity.splines@2.8.4 (location: D:\Agent\03-SRP-f03-worktree\02-技术研发\04-Unity视觉\SRP-Weather-Visual\Library\PackageCache\com.unity.splines@9b00833aca09)
    com.unity.2d.common@13.0.2 (location: D:\Agent\03-SRP-f03-worktree\02-技术研发\04-Unity视觉\SRP-Weather-Visual\Library\PackageCache\com.unity.2d.common@edfe77495b67)
    com.unity.mathematics@1.3.3 (location: D:\Agent\03-SRP-f03-worktree\02-技术研发\04-Unity视觉\SRP-Weather-Visual\Library\PackageCache\com.unity.mathematics@19a9377c4ffa)
    com.unity.nuget.newtonsoft-json@3.2.2 (location: D:\Agent\03-SRP-f03-worktree\02-技术研发\04-Unity视觉\SRP-Weather-Visual\Library\PackageCache\com.unity.nuget.newtonsoft-json@4dfd81071c64)
    com.unity.burst@1.8.29 (location: D:\Agent\03-SRP-f03-worktree\02-技术研发\04-Unity视觉\SRP-Weather-Visual\Library\PackageCache\com.unity.burst@6bb9aca3ef38)
    com.unity.searcher@4.9.4 (location: D:\Agent\03-SRP-f03-worktree\02-技术研发\04-Unity视觉\SRP-Weather-Visual\Library\PackageCache\com.unity.searcher@d45a78918735)
    com.unity.nuget.mono-cecil@1.11.6 (location: D:\Agent\03-SRP-f03-worktree\02-技术研发\04-Unity视觉\SRP-Weather-Visual\Library\PackageCache\com.unity.nuget.mono-cecil@ecb9724e46ff)
    com.unity.test-framework.performance@3.4.0 (location: D:\Agent\03-SRP-f03-worktree\02-技术研发\04-Unity视觉\SRP-Weather-Visual\Library\PackageCache\com.unity.test-framework.performance@aa81a99c4a75)
  Built-in packages:
    com.unity.2d.sprite@1.0.0 (location: D:\Agent\03-SRP-f03-worktree\02-技术研发\04-Unity视觉\SRP-Weather-Visual\Library\PackageCache\com.unity.2d.sprite@b95cc7beb645)
    com.unity.2d.tilemap@1.0.0 (location: D:\Agent\03-SRP-f03-worktree\02-技术研发\04-Unity视觉\SRP-Weather-Visual\Library\PackageCache\com.unity.2d.tilemap@771fb19abead)
    com.unity.multiplayer.center@1.0.1 (location: D:\Agent\03-SRP-f03-worktree\02-技术研发\04-Unity视觉\SRP-Weather-Visual\Library\PackageCache\com.unity.multiplayer.center@f01f4ba8d00a)
    com.unity.render-pipelines.universal@17.4.0 (location: D:\Agent\03-SRP-f03-worktree\02-技术研发\04-Unity视觉\SRP-Weather-Visual\Library\PackageCache\com.unity.render-pipelines.universal@5e27d3932650)
    com.unity.test-framework@1.6.0 (location: D:\Agent\03-SRP-f03-worktree\02-技术研发\04-Unity视觉\SRP-Weather-Visual\Library\PackageCache\com.unity.test-framework@76560ee600cb)
    com.unity.ugui@2.0.0 (location: D:\Agent\03-SRP-f03-worktree\02-技术研发\04-Unity视觉\SRP-Weather-Visual\Library\PackageCache\com.unity.ugui@1f2d1ab0d950)
    com.unity.visualeffectgraph@17.4.0 (location: D:\Agent\03-SRP-f03-worktree\02-技术研发\04-Unity视觉\SRP-Weather-Visual\Library\PackageCache\com.unity.visualeffectgraph@1d000c792c1e)
    com.unity.modules.accessibility@1.0.0 (location: D:\Agent\03-SRP-f03-worktree\02-技术研发\04-Unity视觉\SRP-Weather-Visual\Library\PackageCache\com.unity.modules.accessibility)
    com.unity.modules.adaptiveperformance@1.0.0 (location: D:\Agent\03-SRP-f03-worktree\02-技术研发\04-Unity视觉\SRP-Weather-Visual\Library\PackageCache\com.unity.modules.adaptiveperformance)
    com.unity.modules.ai@1.0.0 (location: D:\Agent\03-SRP-f03-worktree\02-技术研发\04-Unity视觉\SRP-Weather-Visual\Library\PackageCache\com.unity.modules.ai)
    com.unity.modules.androidjni@1.0.0 (location: D:\Agent\03-SRP-f03-worktree\02-技术研发\04-Unity视觉\SRP-Weather-Visual\Library\PackageCache\com.unity.modules.androidjni)
    com.unity.modules.animation@1.0.0 (location: D:\Agent\03-SRP-f03-worktree\02-技术研发\04-Unity视觉\SRP-Weather-Visual\Library\PackageCache\com.unity.modules.animation)
    com.unity.modules.assetbundle@1.0.0 (location: D:\Agent\03-SRP-f03-worktree\02-技术研发\04-Unity视觉\SRP-Weather-Visual\Library\PackageCache\com.unity.modules.assetbundle)
    com.unity.modules.audio@1.0.0 (location: D:\Agent\03-SRP-f03-worktree\02-技术研发\04-Unity视觉\SRP-Weather-Visual\Library\PackageCache\com.unity.modules.audio)
    com.unity.modules.cloth@1.0.0 (location: D:\Agent\03-SRP-f03-worktree\02-技术研发\04-Unity视觉\SRP-Weather-Visual\Library\PackageCache\com.unity.modules.cloth)
    com.unity.modules.director@1.0.0 (location: D:\Agent\03-SRP-f03-worktree\02-技术研发\04-Unity视觉\SRP-Weather-Visual\Library\PackageCache\com.unity.modules.director)
    com.unity.modules.imageconversion@1.0.0 (location: D:\Agent\03-SRP-f03-worktree\02-技术研发\04-Unity视觉\SRP-Weather-Visual\Library\PackageCache\com.unity.modules.imageconversion)
    com.unity.modules.imgui@1.0.0 (location: D:\Agent\03-SRP-f03-worktree\02-技术研发\04-Unity视觉\SRP-Weather-Visual\Library\PackageCache\com.unity.modules.imgui)
    com.unity.modules.jsonserialize@1.0.0 (location: D:\Agent\03-SRP-f03-worktree\02-技术研发\04-Unity视觉\SRP-Weather-Visual\Library\PackageCache\com.unity.modules.jsonserialize)
    com.unity.modules.particlesystem@1.0.0 (location: D:\Agent\03-SRP-f03-worktree\02-技术研发\04-Unity视觉\SRP-Weather-Visual\Library\PackageCache\com.unity.modules.particlesystem)
    com.unity.modules.physics@1.0.0 (location: D:\Agent\03-SRP-f03-worktree\02-技术研发\04-Unity视觉\SRP-Weather-Visual\Library\PackageCache\com.unity.modules.physics)
    com.unity.modules.physics2d@1.0.0 (location: D:\Agent\03-SRP-f03-worktree\02-技术研发\04-Unity视觉\SRP-Weather-Visual\Library\PackageCache\com.unity.modules.physics2d)
    com.unity.modules.screencapture@1.0.0 (location: D:\Agent\03-SRP-f03-worktree\02-技术研发\04-Unity视觉\SRP-Weather-Visual\Library\PackageCache\com.unity.modules.screencapture)
    com.unity.modules.terrain@1.0.0 (location: D:\Agent\03-SRP-f03-worktree\02-技术研发\04-Unity视觉\SRP-Weather-Visual\Library\PackageCache\com.unity.modules.terrain)
    com.unity.modules.terrainphysics@1.0.0 (location: D:\Agent\03-SRP-f03-worktree\02-技术研发\04-Unity视觉\SRP-Weather-Visual\Library\PackageCache\com.unity.modules.terrainphysics)
    com.unity.modules.tilemap@1.0.0 (location: D:\Agent\03-SRP-f03-worktree\02-技术研发\04-Unity视觉\SRP-Weather-Visual\Library\PackageCache\com.unity.modules.tilemap)
    com.unity.modules.ui@1.0.0 (location: D:\Agent\03-SRP-f03-worktree\02-技术研发\04-Unity视觉\SRP-Weather-Visual\Library\PackageCache\com.unity.modules.ui)
    com.unity.modules.uielements@1.0.0 (location: D:\Agent\03-SRP-f03-worktree\02-技术研发\04-Unity视觉\SRP-Weather-Visual\Library\PackageCache\com.unity.modules.uielements)
    com.unity.modules.umbra@1.0.0 (location: D:\Agent\03-SRP-f03-worktree\02-技术研发\04-Unity视觉\SRP-Weather-Visual\Library\PackageCache\com.unity.modules.umbra)
    com.unity.modules.unityanalytics@1.0.0 (location: D:\Agent\03-SRP-f03-worktree\02-技术研发\04-Unity视觉\SRP-Weather-Visual\Library\PackageCache\com.unity.modules.unityanalytics)
    com.unity.modules.unitywebrequest@1.0.0 (location: D:\Agent\03-SRP-f03-worktree\02-技术研发\04-Unity视觉\SRP-Weather-Visual\Library\PackageCache\com.unity.modules.unitywebrequest)
    com.unity.modules.unitywebrequestassetbundle@1.0.0 (location: D:\Agent\03-SRP-f03-worktree\02-技术研发\04-Unity视觉\SRP-Weather-Visual\Library\PackageCache\com.unity.modules.unitywebrequestassetbundle)
    com.unity.modules.unitywebrequestaudio@1.0.0 (location: D:\Agent\03-SRP-f03-worktree\02-技术研发\04-Unity视觉\SRP-Weather-Visual\Library\PackageCache\com.unity.modules.unitywebrequestaudio)
    com.unity.modules.unitywebrequesttexture@1.0.0 (location: D:\Agent\03-SRP-f03-worktree\02-技术研发\04-Unity视觉\SRP-Weather-Visual\Library\PackageCache\com.unity.modules.unitywebrequesttexture)
    com.unity.modules.unitywebrequestwww@1.0.0 (location: D:\Agent\03-SRP-f03-worktree\02-技术研发\04-Unity视觉\SRP-Weather-Visual\Library\PackageCache\com.unity.modules.unitywebrequestwww)
    com.unity.modules.vectorgraphics@1.0.0 (location: D:\Agent\03-SRP-f03-worktree\02-技术研发\04-Unity视觉\SRP-Weather-Visual\Library\PackageCache\com.unity.modules.vectorgraphics)
    com.unity.modules.vehicles@1.0.0 (location: D:\Agent\03-SRP-f03-worktree\02-技术研发\04-Unity视觉\SRP-Weather-Visual\Library\PackageCache\com.unity.modules.vehicles)
    com.unity.modules.video@1.0.0 (location: D:\Agent\03-SRP-f03-worktree\02-技术研发\04-Unity视觉\SRP-Weather-Visual\Library\PackageCache\com.unity.modules.video)
    com.unity.modules.vr@1.0.0 (location: D:\Agent\03-SRP-f03-worktree\02-技术研发\04-Unity视觉\SRP-Weather-Visual\Library\PackageCache\com.unity.modules.vr)
    com.unity.modules.wind@1.0.0 (location: D:\Agent\03-SRP-f03-worktree\02-技术研发\04-Unity视觉\SRP-Weather-Visual\Library\PackageCache\com.unity.modules.wind)
    com.unity.modules.xr@1.0.0 (location: D:\Agent\03-SRP-f03-worktree\02-技术研发\04-Unity视觉\SRP-Weather-Visual\Library\PackageCache\com.unity.modules.xr)
    com.unity.modules.subsystems@1.0.0 (location: D:\Agent\03-SRP-f03-worktree\02-技术研发\04-Unity视觉\SRP-Weather-Visual\Library\PackageCache\com.unity.modules.subsystems)
    com.unity.modules.hierarchycore@1.0.0 (location: D:\Agent\03-SRP-f03-worktree\02-技术研发\04-Unity视觉\SRP-Weather-Visual\Library\PackageCache\com.unity.modules.hierarchycore)
    com.unity.shadergraph@17.4.0 (location: D:\Agent\03-SRP-f03-worktree\02-技术研发\04-Unity视觉\SRP-Weather-Visual\Library\PackageCache\com.unity.shadergraph@06b482f4a9ba)
    com.unity.render-pipelines.core@17.4.0 (location: D:\Agent\03-SRP-f03-worktree\02-技术研发\04-Unity视觉\SRP-Weather-Visual\Library\PackageCache\com.unity.render-pipelines.core@d0f56ad6832a)
    com.unity.ext.nunit@2.0.5 (location: D:\Agent\03-SRP-f03-worktree\02-技术研发\04-Unity视觉\SRP-Weather-Visual\Library\PackageCache\com.unity.ext.nunit@d8c07649098d)
    com.unity.render-pipelines.universal-config@17.4.0 (location: D:\Agent\03-SRP-f03-worktree\02-技术研发\04-Unity视觉\SRP-Weather-Visual\Library\PackageCache\com.unity.render-pipelines.universal-config@0db4263b9e6b)
    com.unity.collections@6.4.0 (location: D:\Agent\03-SRP-f03-worktree\02-技术研发\04-Unity视觉\SRP-Weather-Visual\Library\PackageCache\com.unity.collections@5b6ebd78ccc0)
  Git packages:
    com.coplaydev.unity-mcp@https://github.com/CoplayDev/unity-mcp.git?path=/MCPForUnity#78ee5418415953b79c358bfe6355fcc3fde7912b (location: D:\Agent\03-SRP-f03-worktree\02-技术研发\04-Unity视觉\SRP-Weather-Visual\Library\PackageCache\com.coplaydev.unity-mcp@efaf786e8772)
[Subsystems] No new subsystems found in resolved package list.
[Package Manager] Done registering packages in 0.03 seconds
Assembly reference Packages/com.unity.cinemachine/Editor/Samples/ExposeHDRPInternals/HDRP-Editor-ref.asmref has no target assembly definition
Assembly reference Packages/com.unity.cinemachine/Editor/Samples/ExposeHDRPInternals/HDRP-Editor-ref.asmref has no target assembly definition
Starting: D:\UnityEngine\6000.4.9f1\Editor\Data\Tools\BuildPipeline\bee_backend.exe --ipc --defer-dag-verification --dagfile="Library/Bee/1900b0aE.dag" --continue-on-failure --profile="Library/Bee/backend1.traceevents" ScriptAssemblies
WorkingDir: D:/Agent/03-SRP-f03-worktree/02-技术研发/04-Unity视觉/SRP-Weather-Visual
ExitCode: 4 Duration: 0s45ms
[             ] Require frontend run.  Library/Bee/1900b0aE.dag couldn't be loaded
DisplayProgressbar: Compiling Scripts
Starting: D:\UnityEngine\6000.4.9f1\Editor\Data\netcorerun\netcorerun.exe "D:\UnityEngine\6000.4.9f1\Editor\Data\Tools\BuildPipeline\ScriptCompilationBuildProgram.exe" "Library/Bee/1900b0aE.dag.json" "Library/Bee/1900b0aE-inputdata.json" "Library\Bee\buildprogram0.traceevents"
WorkingDir: D:/Agent/03-SRP-f03-worktree/02-技术研发/04-Unity视觉/SRP-Weather-Visual
ExitCode: 0 Duration: 1s240ms
Starting: D:\UnityEngine\6000.4.9f1\Editor\Data\Tools\BuildPipeline\bee_backend.exe --ipc --defer-dag-verification --dagfile="Library/Bee/1900b0aE.dag" --continue-on-failure --dagfilejson="Library\Bee\1900b0aE.dag.json" --profile="Library/Bee/backend2.traceevents" ScriptAssemblies
WorkingDir: D:/Agent/03-SRP-f03-worktree/02-技术研发/04-Unity视觉/SRP-Weather-Visual
ExitCode: 0 Duration: 9s742ms
Finished compiling graph: 1333 nodes, 27310 flattened edges (22254 ToBuild, 218 ToUse), maximum node priority 1555
[ 152/1329  0s] WriteText Library/Bee/artifacts/1900b0aE.dag/UnityEngine.TestRunner.UnityAdditionalFile.txt
[ 153/1329  0s] WriteText Library/Bee/artifacts/1900b0aE.dag/UnityEngine.TestRunner.rsp2
[ 154/1329  0s] WriteText Library/Bee/artifacts/1900b0aE.dag/UnityEngine.UI.UnityAdditionalFile.txt
[ 155/1329  0s] WriteText Library/Bee/artifacts/1900b0aE.dag/UnityEngine.UI.rsp2
[ 156/1329  0s] WriteText Library/Bee/artifacts/1900b0aE.dag/UnityEngine.TestRunner.rsp
[ 157/1329  0s] WriteText Library/Bee/artifacts/1900b0aE.dag/UnityEngine.TestRunner.dll.mvfrm.rsp
[ 158/1329  0s] WriteText Library/Bee/artifacts/1900b0aE.dag/UnityEditor.TestRunner.UnityAdditionalFile.txt
[ 159/1329  0s] WriteText Library/Bee/artifacts/1900b0aE.dag/UnityEngine.UI.dll.mvfrm.rsp
[ 160/1329  0s] WriteText Library/Bee/artifacts/1900b0aE.dag/UnityEngine.UI.rsp
[ 161/1329  0s] WriteText Library/Bee/artifacts/1900b0aE.dag/UnityEditor.TestRunner.rsp2
[ 162/1329  0s] WriteText Library/Bee/artifacts/1900b0aE.dag/UnityEditor.TestRunner.rsp
[ 164/1329  0s] WriteText Library/Bee/artifacts/1900b0aE.dag/UnityEditor.TestRunner.dll.mvfrm.rsp
[ 165/1329  0s] WriteText Library/Bee/artifacts/1900b0aE.dag/UnityEditor.UI.rsp2
[ 166/1329  0s] WriteText Library/Bee/artifacts/1900b0aE.dag/UnityEditor.UI.UnityAdditionalFile.txt
[ 167/1329  0s] WriteText Library/Bee/artifacts/1900b0aE.dag/UnityEditor.UI.dll.mvfrm.rsp
[ 168/1329  0s] WriteText Library/Bee/artifacts/1900b0aE.dag/UnityEditor.UI.rsp
[ 169/1329  0s] WriteText Library/Bee/artifacts/1900b0aE.dag/Unity.Mathematics.UnityAdditionalFile.txt
[ 170/1329  0s] WriteText Library/Bee/artifacts/1900b0aE.dag/Unity.Mathematics.rsp2
[ 171/1329  0s] WriteText Library/Bee/artifacts/1900b0aE.dag/Unity.Burst.rsp2
[ 172/1329  0s] WriteText Library/Bee/artifacts/1900b0aE.dag/Unity.Burst.UnityAdditionalFile.txt
[ 173/1329  0s] WriteText Library/Bee/artifacts/1900b0aE.dag/Unity.Mathematics.dll.mvfrm.rsp
[ 174/1329  0s] WriteText Library/Bee/artifacts/1900b0aE.dag/Unity.Mathematics.rsp
[ 175/1329  0s] WriteText Library/Bee/artifacts/1900b0aE.dag/Unity.Burst.dll.mvfrm.rsp
[ 176/1329  0s] WriteText Library/Bee/artifacts/1900b0aE.dag/Unity.Burst.rsp
[ 177/1329  0s] WriteText Library/Bee/artifacts/1900b0aE.dag/Unity.Collections.rsp2
[ 178/1329  0s] WriteText Library/Bee/artifacts/1900b0aE.dag/Unity.Collections.UnityAdditionalFile.txt
[ 179/1329  0s] WriteText Library/Bee/artifacts/1900b0aE.dag/Unity.Collections.dll.mvfrm.rsp
[ 180/1329  0s] WriteText Library/Bee/artifacts/1900b0aE.dag/Unity.Collections.rsp
[ 181/1329  0s] WriteText Library/Bee/artifacts/1900b0aE.dag/Unity.InputSystem.rsp2
[ 182/1329  0s] WriteText Library/Bee/artifacts/1900b0aE.dag/Unity.InputSystem.UnityAdditionalFile.txt
[ 183/1329  0s] WriteText Library/Bee/artifacts/1900b0aE.dag/Unity.InputSystem.dll.mvfrm.rsp
[ 184/1329  0s] WriteText Library/Bee/artifacts/1900b0aE.dag/Unity.RenderPipelines.Core.Runtime.rsp2
[ 185/1329  0s] WriteText Library/Bee/artifacts/1900b0aE.dag/Unity.InputSystem.rsp
[ 186/1329  0s] WriteText Library/Bee/artifacts/1900b0aE.dag/Unity.RenderPipelines.Core.Runtime.UnityAdditionalFile.txt
[ 187/1329  0s] WriteText Library/Bee/artifacts/1900b0aE.dag/Unity.Collections.CodeGen.rsp2
[ 188/1329  0s] WriteText Library/Bee/artifacts/1900b0aE.dag/Unity.Burst.CodeGen.UnityAdditionalFile.txt
[ 189/1329  0s] WriteText Library/Bee/artifacts/1900b0aE.dag/Unity.Burst.CodeGen.rsp2
[ 190/1329  0s] WriteText Library/Bee/artifacts/1900b0aE.dag/Unity.Collections.CodeGen.UnityAdditionalFile.txt
[ 191/1329  0s] WriteText Library/Bee/artifacts/1900b0aE.dag/Unity.UnifiedRayTracing.Runtime.rsp2
[ 192/1329  0s] WriteText Library/Bee/artifacts/1900b0aE.dag/Unity.UnifiedRayTracing.Runtime.UnityAdditionalFile.txt
[ 194/1329  0s] WriteText Library/Bee/artifacts/1900b0aE.dag/Unity.RenderPipelines.Core.Runtime.dll.mvfrm.rsp
[ 198/1329  0s] WriteText Library/Bee/artifacts/1900b0aE.dag/Unity.RenderPipelines.Core.Runtime.rsp
[ 200/1329  0s] WriteText Library/Bee/artifacts/1900b0aE.dag/Unity.UnifiedRayTracing.Runtime.dll.mvfrm.rsp
[ 201/1329  0s] WriteText Library/Bee/artifacts/1900b0aE.dag/Unity.UnifiedRayTracing.Runtime.rsp
[ 202/1329  0s] WriteText Library/Bee/artifacts/1900b0aE.dag/Unity.Timeline.UnityAdditionalFile.txt
[ 203/1329  0s] WriteText Library/Bee/artifacts/1900b0aE.dag/Unity.PathTracing.Runtime.rsp2
[ 204/1329  0s] WriteText Library/Bee/artifacts/1900b0aE.dag/Unity.Timeline.rsp2
[ 205/1329  0s] WriteText Library/Bee/artifacts/1900b0aE.dag/Unity.PathTracing.Runtime.UnityAdditionalFile.txt
[ 206/1329  0s] WriteText Library/Bee/artifacts/1900b0aE.dag/Unity.InternalAPIEngineBridge.RenderPipelines.Core.Runtime.Shared.rsp2
[ 207/1329  0s] WriteText Library/Bee/artifacts/1900b0aE.dag/Unity.InternalAPIEngineBridge.RenderPipelines.Core.Runtime.Shared.UnityAdditionalFile.txt
[ 208/1329  0s] WriteText Library/Bee/artifacts/1900b0aE.dag/Unity.PathTracing.Runtime.dll.mvfrm.rsp
[ 209/1329  0s] WriteText Library/Bee/artifacts/1900b0aE.dag/Unity.Timeline.dll.mvfrm.rsp
[ 210/1329  0s] WriteText Library/Bee/artifacts/1900b0aE.dag/Unity.Timeline.rsp
[ 211/1329  0s] WriteText Library/Bee/artifacts/1900b0aE.dag/Unity.PathTracing.Runtime.rsp
[ 212/1329  0s] WriteText Library/Bee/artifacts/1900b0aE.dag/Unity.Burst.CodeGen.dll.mvfrm.rsp
[ 213/1329  0s] WriteText Library/Bee/artifacts/1900b0aE.dag/Unity.Collections.CodeGen.dll.mvfrm.rsp
[ 214/1329  0s] WriteText Library/Bee/artifacts/1900b0aE.dag/Unity.Burst.CodeGen.rsp
[ 215/1329  0s] WriteText Library/Bee/artifacts/1900b0aE.dag/Unity.RenderPipelines.GPUDriven.Runtime.rsp2
[ 216/1329  0s] WriteText Library/Bee/artifacts/1900b0aE.dag/Unity.Collections.CodeGen.rsp
[ 217/1329  0s] WriteText Library/Bee/artifacts/1900b0aE.dag/Unity.RenderPipelines.GPUDriven.Runtime.UnityAdditionalFile.txt
[ 218/1329  0s] WriteText Library/Bee/artifacts/1900b0aE.dag/Unity.InternalAPIEngineBridge.RenderPipelines.Core.Runtime.Shared.dll.mvfrm.rsp
[ 219/1329  0s] WriteText Library/Bee/artifacts/1900b0aE.dag/Unity.InternalAPIEngineBridge.RenderPipelines.Core.Runtime.Shared.rsp
[ 220/1329  0s] WriteText Library/Bee/artifacts/1900b0aE.dag/Unity.RenderPipelines.Core.Runtime.Shared.rsp2
[ 221/1329  0s] WriteText Library/Bee/artifacts/1900b0aE.dag/Unity.RenderPipelines.Core.Runtime.Shared.UnityAdditionalFile.txt
[ 222/1329  0s] WriteText Library/Bee/artifacts/1900b0aE.dag/Unity.VisualEffectGraph.Runtime.UnityAdditionalFile.txt
[ 223/1329  0s] WriteText Library/Bee/artifacts/1900b0aE.dag/Unity.VisualEffectGraph.Runtime.rsp2
[ 224/1329  0s] WriteText Library/Bee/artifacts/1900b0aE.dag/Unity.RenderPipeline.Universal.ShaderLibrary.rsp2
[ 225/1329  0s] WriteText Library/Bee/artifacts/1900b0aE.dag/Unity.RenderPipeline.Universal.ShaderLibrary.UnityAdditionalFile.txt
[ 226/1329  0s] WriteText Library/Bee/artifacts/1900b0aE.dag/Unity.SurfaceCache.Runtime.UnityAdditionalFile.txt
[ 227/1329  0s] WriteText Library/Bee/artifacts/1900b0aE.dag/Unity.SurfaceCache.Runtime.rsp2
[ 228/1329  0s] WriteText Library/Bee/artifacts/1900b0aE.dag/Unity.RenderPipelines.Universal.Config.Runtime.rsp2
[ 229/1329  0s] WriteText Library/Bee/artifacts/1900b0aE.dag/Unity.RenderPipelines.Universal.Config.Runtime.UnityAdditionalFile.txt
[ 230/1329  0s] WriteText Library/Bee/artifacts/1900b0aE.dag/Unity.RenderPipelines.GPUDriven.Runtime.dll.mvfrm.rsp
[ 231/1329  0s] WriteText Library/Bee/artifacts/1900b0aE.dag/Unity.RenderPipelines.GPUDriven.Runtime.rsp
[ 232/1329  0s] WriteText Library/Bee/artifacts/1900b0aE.dag/Unity.RenderPipelines.Core.Runtime.Shared.dll.mvfrm.rsp
[ 233/1329  0s] WriteText Library/Bee/artifacts/1900b0aE.dag/Unity.VisualEffectGraph.Runtime.dll.mvfrm.rsp
[ 234/1329  0s] WriteText Library/Bee/artifacts/1900b0aE.dag/Unity.RenderPipelines.Core.Runtime.Shared.rsp
[ 235/1329  0s] WriteText Library/Bee/artifacts/1900b0aE.dag/Unity.RenderPipeline.Universal.ShaderLibrary.dll.mvfrm.rsp
[ 236/1329  0s] WriteText Library/Bee/artifacts/1900b0aE.dag/Unity.SurfaceCache.Runtime.dll.mvfrm.rsp
[ 237/1329  0s] WriteText Library/Bee/artifacts/1900b0aE.dag/Unity.VisualEffectGraph.Runtime.rsp
[ 238/1329  0s] WriteText Library/Bee/artifacts/1900b0aE.dag/Unity.SurfaceCache.Runtime.rsp
[ 239/1329  0s] WriteText Library/Bee/artifacts/1900b0aE.dag/Unity.RenderPipelines.Universal.Config.Runtime.dll.mvfrm.rsp
[ 240/1329  0s] WriteText Library/Bee/artifacts/1900b0aE.dag/Unity.2D.Common.Runtime.rsp2
[ 241/1329  0s] WriteText Library/Bee/artifacts/1900b0aE.dag/Unity.RenderPipeline.Universal.ShaderLibrary.rsp
[ 242/1329  0s] WriteText Library/Bee/artifacts/1900b0aE.dag/Unity.2D.Common.Runtime.UnityAdditionalFile.txt
[ 243/1329  0s] WriteText Library/Bee/artifacts/1900b0aE.dag/Unity.RenderPipelines.Universal.Runtime.UnityAdditionalFile.txt
[ 244/1329  0s] WriteText Library/Bee/artifacts/1900b0aE.dag/Unity.RenderPipelines.Universal.Config.Runtime.rsp
[ 245/1329  0s] WriteText Library/Bee/artifacts/1900b0aE.dag/Unity.RenderPipelines.Universal.Runtime.rsp2
[ 246/1329  0s] WriteText Library/Bee/artifacts/1900b0aE.dag/Unity.InternalAPIEngineBridge.001.rsp2
[ 247/1329  0s] WriteText Library/Bee/artifacts/1900b0aE.dag/Unity.InternalAPIEngineBridge.001.UnityAdditionalFile.txt
[ 248/1329  0s] WriteText Library/Bee/artifacts/1900b0aE.dag/Unity.VisualScripting.Core.UnityAdditionalFile.txt
[ 249/1329  0s] WriteText Library/Bee/artifacts/1900b0aE.dag/Unity.VisualScripting.Core.rsp2
[ 250/1329  0s] WriteText Library/Bee/artifacts/1900b0aE.dag/Unity.PathTracing.Editor.rsp2
[ 251/1329  0s] WriteText Library/Bee/artifacts/1900b0aE.dag/Unity.2D.Common.Runtime.dll.mvfrm.rsp
[ 252/1329  0s] WriteText Library/Bee/artifacts/1900b0aE.dag/Unity.PathTracing.Editor.UnityAdditionalFile.txt
[ 253/1329  0s] WriteText Library/Bee/artifacts/1900b0aE.dag/Unity.RenderPipelines.Universal.Runtime.dll.mvfrm.rsp
[ 254/1329  0s] WriteText Library/Bee/artifacts/1900b0aE.dag/Unity.2D.Common.Runtime.rsp
[ 255/1329  0s] WriteText Library/Bee/artifacts/1900b0aE.dag/Unity.RenderPipelines.Universal.Runtime.rsp
[ 256/1329  0s] WriteText Library/Bee/artifacts/1900b0aE.dag/Unity.InternalAPIEngineBridge.001.dll.mvfrm.rsp
[ 257/1329  0s] WriteText Library/Bee/artifacts/1900b0aE.dag/Unity.InternalAPIEngineBridge.001.rsp
[ 258/1329  0s] WriteText Library/Bee/artifacts/1900b0aE.dag/Unity.PathTracing.Editor.dll.mvfrm.rsp
[ 259/1329  0s] WriteText Library/Bee/artifacts/1900b0aE.dag/Unity.PathTracing.Editor.rsp
[ 260/1329  0s] WriteText Library/Bee/artifacts/1900b0aE.dag/Unity.2D.Sprite.Editor.rsp2
[ 261/1329  0s] WriteText Library/Bee/artifacts/1900b0aE.dag/Unity.2D.Sprite.Editor.UnityAdditionalFile.txt
[ 262/1329  0s] WriteText Library/Bee/artifacts/1900b0aE.dag/Unity.VisualScripting.Core.dll.mvfrm.rsp
[ 263/1329  0s] WriteText Library/Bee/artifacts/1900b0aE.dag/Unity.RenderPipelines.Core.Editor.UnityAdditionalFile.txt
[ 264/1329  0s] WriteText Library/Bee/artifacts/1900b0aE.dag/Unity.RenderPipelines.Core.Editor.rsp2
[ 265/1329  0s] WriteResponseFile Library/Bee/artifacts/rsp/4747638433968585886.rsp
[ 266/1329  0s] WriteText Library/Bee/artifacts/1900b0aE.dag/Unity.2D.Animation.Runtime.rsp2
[ 267/1329  0s] WriteText Library/Bee/artifacts/1900b0aE.dag/Unity.VisualScripting.Core.rsp
[ 268/1329  0s] WriteText Library/Bee/artifacts/1900b0aE.dag/Unity.2D.Animation.Runtime.UnityAdditionalFile.txt
[ 269/1329  0s] WriteText Library/Bee/artifacts/1900b0aE.dag/Unity.RenderPipelines.Core.Editor.dll.mvfrm.rsp
[ 270/1329  0s] WriteText Library/Bee/artifacts/1900b0aE.dag/Unity.Searcher.Editor.UnityAdditionalFile.txt
[ 271/1329  0s] WriteText Library/Bee/artifacts/1900b0aE.dag/Unity.InternalAPIEditorBridge.ShaderGraph.Editor.rsp2
[ 272/1329  0s] WriteText Library/Bee/artifacts/1900b0aE.dag/Unity.Searcher.Editor.rsp2
[ 273/1329  0s] WriteText Library/Bee/artifacts/1900b0aE.dag/Unity.InternalAPIEditorBridge.ShaderGraph.Editor.UnityAdditionalFile.txt
[ 274/1329  0s] WriteText Library/Bee/artifacts/1900b0aE.dag/Unity.RenderPipelines.Core.Editor.rsp
[ 275/1329  0s] WriteText Library/Bee/artifacts/1900b0aE.dag/Unity.VisualScripting.Flow.rsp2
[ 276/1329  0s] WriteText Library/Bee/artifacts/1900b0aE.dag/Unity.VisualScripting.Flow.UnityAdditionalFile.txt
[ 277/1329  0s] WriteText Library/Bee/artifacts/1900b0aE.dag/Unity.2D.Sprite.Editor.rsp
[ 278/1329  0s] WriteText Library/Bee/artifacts/1900b0aE.dag/Unity.2D.Sprite.Editor.dll.mvfrm.rsp
[ 279/1329  0s] WriteText Library/Bee/artifacts/1900b0aE.dag/Unity.ShaderGraph.Utilities.UnityAdditionalFile.txt
[ 280/1329  0s] WriteText Library/Bee/artifacts/1900b0aE.dag/Unity.ShaderGraph.Utilities.rsp2
[ 281/1329  0s] WriteText Library/Bee/artifacts/1900b0aE.dag/Unity.2D.SpriteShape.Runtime.rsp2
[ 282/1329  0s] WriteText Library/Bee/artifacts/1900b0aE.dag/Unity.2D.SpriteShape.Runtime.UnityAdditionalFile.txt
[ 283/1329  0s] WriteText Library/Bee/artifacts/1900b0aE.dag/Unity.Searcher.Editor.dll.mvfrm.rsp
[ 284/1329  0s] WriteText Library/Bee/artifacts/1900b0aE.dag/Unity.2D.Animation.Runtime.dll.mvfrm.rsp
[ 285/1329  0s] WriteText Library/Bee/artifacts/1900b0aE.dag/Unity.InternalAPIEditorBridge.ShaderGraph.Editor.dll.mvfrm.rsp
[ 286/1329  0s] WriteText Library/Bee/artifacts/1900b0aE.dag/Unity.2D.Animation.Runtime.rsp
[ 287/1329  0s] WriteText Library/Bee/artifacts/1900b0aE.dag/Unity.InternalAPIEditorBridge.ShaderGraph.Editor.rsp
[ 288/1329  0s] WriteText Library/Bee/artifacts/1900b0aE.dag/Unity.Searcher.Editor.rsp
[ 289/1329  0s] WriteText Library/Bee/artifacts/1900b0aE.dag/Unity.VisualScripting.Core.Editor.UnityAdditionalFile.txt
[ 290/1329  0s] WriteText Library/Bee/artifacts/1900b0aE.dag/Unity.VisualScripting.Core.Editor.rsp2
[ 291/1329  0s] WriteText Library/Bee/artifacts/1900b0aE.dag/Unity.ShaderGraph.Utilities.dll.mvfrm.rsp
[ 292/1329  0s] WriteText Library/Bee/artifacts/1900b0aE.dag/Unity.ShaderGraph.Utilities.rsp
[ 293/1329  0s] WriteText Library/Bee/artifacts/1900b0aE.dag/Unity.ShaderGraph.Editor.UnityAdditionalFile.txt
[ 294/1329  0s] WriteText Library/Bee/artifacts/1900b0aE.dag/Unity.ShaderGraph.Editor.rsp2
[ 295/1329  0s] WriteText Library/Bee/artifacts/1900b0aE.dag/Unity.Timeline.Editor.UnityAdditionalFile.txt
[ 296/1329  0s] WriteText Library/Bee/artifacts/1900b0aE.dag/Unity.VisualScripting.Flow.dll.mvfrm.rsp
[ 297/1329  0s] WriteText Library/Bee/artifacts/1900b0aE.dag/Unity.VisualScripting.Flow.rsp
[ 298/1329  0s] WriteText Library/Bee/artifacts/1900b0aE.dag/Unity.Timeline.Editor.rsp2
[ 299/1329  0s] WriteText Library/Bee/artifacts/1900b0aE.dag/Unity.InternalAPIEditorBridge.001.UnityAdditionalFile.txt
[ 300/1329  0s] WriteText Library/Bee/artifacts/1900b0aE.dag/Unity.InternalAPIEditorBridge.001.rsp2
[ 301/1329  0s] WriteText Library/Bee/artifacts/1900b0aE.dag/Unity.2D.SpriteShape.Runtime.dll.mvfrm.rsp
[ 302/1329  0s] WriteText Library/Bee/artifacts/1900b0aE.dag/Unity.2D.SpriteShape.Runtime.rsp
[ 303/1329  0s] WriteText Library/Bee/artifacts/1900b0aE.dag/Unity.VisualScripting.Core.Editor.dll.mvfrm.rsp
[ 304/1329  0s] WriteText Library/Bee/artifacts/1900b0aE.dag/Unity.2D.Common.Editor.UnityAdditionalFile.txt
[ 305/1329  0s] WriteText Library/Bee/artifacts/1900b0aE.dag/Unity.VisualScripting.Core.Editor.rsp
[ 306/1329  0s] WriteText Library/Bee/artifacts/1900b0aE.dag/Unity.2D.Common.Editor.rsp2
[ 307/1329  0s] WriteText Library/Bee/artifacts/1900b0aE.dag/Unity.ShaderGraph.Editor.dll.mvfrm.rsp
[ 308/1329  0s] WriteText Library/Bee/artifacts/1900b0aE.dag/Unity.ShaderGraph.Editor.rsp
[ 309/1329  0s] WriteText Library/Bee/artifacts/1900b0aE.dag/Unity.Timeline.Editor.dll.mvfrm.rsp
[ 310/1329  0s] WriteText Library/Bee/artifacts/1900b0aE.dag/Unity.Timeline.Editor.rsp
[ 311/1329  0s] WriteText Library/Bee/artifacts/1900b0aE.dag/Unity.ProBuilder.KdTree.UnityAdditionalFile.txt
[ 312/1329  0s] WriteText Library/Bee/artifacts/1900b0aE.dag/Unity.ProBuilder.KdTree.rsp2
[ 313/1329  0s] WriteText Library/Bee/artifacts/1900b0aE.dag/Unity.ProBuilder.Poly2Tri.UnityAdditionalFile.txt
[ 314/1329  0s] WriteText Library/Bee/artifacts/1900b0aE.dag/Unity.RenderPipelines.Universal.2D.Runtime.UnityAdditionalFile.txt
[ 315/1329  0s] WriteText Library/Bee/artifacts/1900b0aE.dag/Unity.ProBuilder.Poly2Tri.rsp2
[ 316/1329  0s] WriteText Library/Bee/artifacts/1900b0aE.dag/Unity.RenderPipelines.Universal.2D.Runtime.rsp2
[ 317/1329  0s] WriteText Library/Bee/artifacts/1900b0aE.dag/Unity.2D.Tilemap.Editor.UnityAdditionalFile.txt
[ 318/1329  0s] WriteText Library/Bee/artifacts/1900b0aE.dag/Unity.2D.Tilemap.Editor.rsp2
[ 319/1329  0s] WriteText Library/Bee/artifacts/1900b0aE.dag/Unity.InternalAPIEditorBridge.001.dll.mvfrm.rsp
[ 320/1329  0s] WriteText Library/Bee/artifacts/1900b0aE.dag/Unity.ProBuilder.KdTree.dll.mvfrm.rsp
[ 321/1329  0s] WriteText Library/Bee/artifacts/1900b0aE.dag/Unity.ProBuilder.Poly2Tri.dll.mvfrm.rsp
[ 322/1329  0s] WriteText Library/Bee/artifacts/1900b0aE.dag/Unity.Splines.UnityAdditionalFile.txt
[ 323/1329  0s] WriteText Library/Bee/artifacts/1900b0aE.dag/Unity.InternalAPIEditorBridge.001.rsp
[ 324/1329  0s] WriteText Library/Bee/artifacts/1900b0aE.dag/Unity.Splines.rsp2
[ 325/1329  0s] WriteText Library/Bee/artifacts/1900b0aE.dag/Unity.VisualScripting.Flow.Editor.rsp2
[ 326/1329  0s] WriteText Library/Bee/artifacts/1900b0aE.dag/Unity.VisualScripting.State.rsp2
[ 327/1329  0s] WriteText Library/Bee/artifacts/1900b0aE.dag/Unity.VisualScripting.State.UnityAdditionalFile.txt
[ 328/1329  0s] WriteText Library/Bee/artifacts/1900b0aE.dag/Unity.VisualScripting.Flow.Editor.UnityAdditionalFile.txt
[ 329/1329  0s] WriteText Library/Bee/artifacts/1900b0aE.dag/Unity.2D.Common.Editor.dll.mvfrm.rsp
[ 330/1329  0s] WriteText Library/Bee/artifacts/1900b0aE.dag/Unity.ProBuilder.Poly2Tri.rsp
[ 331/1329  0s] WriteText Library/Bee/artifacts/1900b0aE.dag/Unity.ProBuilder.KdTree.rsp
[ 332/1329  0s] WriteText Library/Bee/artifacts/1900b0aE.dag/Unity.Settings.Editor.UnityAdditionalFile.txt
[ 333/1329  0s] WriteText Library/Bee/artifacts/1900b0aE.dag/Unity.Settings.Editor.rsp2
[ 334/1329  0s] WriteText Library/Bee/artifacts/1900b0aE.dag/Unity.Burst.Editor.rsp2
[ 335/1329  0s] WriteText Library/Bee/artifacts/1900b0aE.dag/Unity.2D.Common.Path.Editor.rsp2
[ 336/1329  0s] WriteText Library/Bee/artifacts/1900b0aE.dag/Unity.2D.Common.Path.Editor.UnityAdditionalFile.txt
[ 337/1329  0s] WriteText Library/Bee/artifacts/1900b0aE.dag/Unity.Burst.Editor.UnityAdditionalFile.txt
[ 338/1329  0s] WriteText Library/Bee/artifacts/1900b0aE.dag/Unity.VisualEffectGraph.Editor.UnityAdditionalFile.txt
[ 339/1329  0s] WriteText Library/Bee/artifacts/1900b0aE.dag/Unity.RenderPipelines.Core.Editor.Shared.rsp2
[ 340/1329  0s] WriteText Library/Bee/artifacts/1900b0aE.dag/Unity.InternalAPIEngineBridge.004.UnityAdditionalFile.txt
[ 341/1329  0s] WriteText Library/Bee/artifacts/1900b0aE.dag/Unity.RenderPipelines.Core.Editor.Shared.UnityAdditionalFile.txt
[ 342/1329  0s] WriteText Library/Bee/artifacts/1900b0aE.dag/Unity.VisualEffectGraph.Editor.rsp2
[ 343/1329  0s] WriteText Library/Bee/artifacts/1900b0aE.dag/Unity.Mathematics.Editor.rsp2
[ 344/1329  0s] WriteText Library/Bee/artifacts/1900b0aE.dag/Unity.InternalAPIEngineBridge.004.rsp2
[ 345/1329  0s] WriteText Library/Bee/artifacts/1900b0aE.dag/Unity.Mathematics.Editor.UnityAdditionalFile.txt
[ 346/1329  0s] WriteText Library/Bee/artifacts/1900b0aE.dag/Unity.2D.Common.Editor.rsp
[ 347/1329  0s] WriteText Library/Bee/artifacts/1900b0aE.dag/Unity.ProBuilder.UnityAdditionalFile.txt
[ 348/1329  0s] WriteText Library/Bee/artifacts/1900b0aE.dag/Unity.ProBuilder.rsp2
[ 349/1329  0s] WriteText Library/Bee/artifacts/1900b0aE.dag/Unity.RenderPipelines.Universal.2D.Runtime.dll.mvfrm.rsp
[ 350/1329  0s] WriteText Library/Bee/artifacts/1900b0aE.dag/Unity.2D.Tilemap.Editor.dll.mvfrm.rsp
[ 351/1329  0s] WriteText Library/Bee/artifacts/1900b0aE.dag/Unity.ProBuilder.AssetIdRemapUtility.UnityAdditionalFile.txt
[ 352/1329  0s] WriteText Library/Bee/artifacts/1900b0aE.dag/Unity.ProBuilder.AssetIdRemapUtility.rsp2
[ 353/1329  0s] WriteText Library/Bee/artifacts/1900b0aE.dag/Unity.2D.Triangulation.Runtime.rsp2
[ 354/1329  0s] WriteText Library/Bee/artifacts/1900b0aE.dag/Unity.RenderPipelines.Universal.2D.Runtime.rsp
[ 355/1329  0s] WriteText Library/Bee/artifacts/1900b0aE.dag/Unity.2D.Tilemap.Editor.rsp
[ 356/1329  0s] WriteText Library/Bee/artifacts/1900b0aE.dag/Unity.2D.Triangulation.Runtime.UnityAdditionalFile.txt
[ 357/1329  0s] WriteText Library/Bee/artifacts/1900b0aE.dag/Unity.VisualScripting.State.dll.mvfrm.rsp
[ 358/1329  0s] WriteText Library/Bee/artifacts/1900b0aE.dag/Unity.Settings.Editor.dll.mvfrm.rsp
[ 359/1329  0s] WriteText Library/Bee/artifacts/1900b0aE.dag/Unity.Splines.dll.mvfrm.rsp
[ 360/1329  0s] WriteText Library/Bee/artifacts/1900b0aE.dag/Unity.VisualScripting.Flow.Editor.dll.mvfrm.rsp
[ 361/1329  0s] WriteText Library/Bee/artifacts/1900b0aE.dag/Unity.InternalAPIEngineBridge.004.dll.mvfrm.rsp
[ 362/1329  0s] WriteText Library/Bee/artifacts/1900b0aE.dag/Unity.VisualEffectGraph.Editor.dll.mvfrm.rsp
[ 363/1329  0s] WriteText Library/Bee/artifacts/1900b0aE.dag/Unity.RenderPipelines.Core.Editor.Shared.dll.mvfrm.rsp
[ 364/1329  0s] WriteText Library/Bee/artifacts/1900b0aE.dag/Unity.Mathematics.Editor.dll.mvfrm.rsp
[ 365/1329  0s] WriteText Library/Bee/artifacts/1900b0aE.dag/Unity.Burst.Editor.dll.mvfrm.rsp
[ 366/1329  0s] WriteText Library/Bee/artifacts/1900b0aE.dag/Unity.2D.Common.Path.Editor.dll.mvfrm.rsp
[ 367/1329  0s] WriteText Library/Bee/artifacts/1900b0aE.dag/Unity.Splines.rsp
[ 368/1329  0s] WriteText Library/Bee/artifacts/1900b0aE.dag/Unity.VisualScripting.State.rsp
[ 369/1329  0s] WriteText Library/Bee/artifacts/1900b0aE.dag/Unity.VisualScripting.Flow.Editor.rsp
[ 370/1329  0s] WriteText Library/Bee/artifacts/1900b0aE.dag/Unity.InternalAPIEngineBridge.004.rsp
[ 371/1329  0s] WriteText Library/Bee/artifacts/1900b0aE.dag/Unity.ProBuilder.dll.mvfrm.rsp
[ 372/1329  0s] WriteText Library/Bee/artifacts/1900b0aE.dag/Unity.Settings.Editor.rsp
[ 373/1329  0s] WriteText Library/Bee/artifacts/1900b0aE.dag/Unity.ProBuilder.Csg.UnityAdditionalFile.txt
[ 374/1329  0s] WriteText Library/Bee/artifacts/1900b0aE.dag/Unity.ProBuilder.Csg.rsp2
[ 375/1329  0s] WriteText Library/Bee/artifacts/1900b0aE.dag/Unity.ProBuilder.Stl.UnityAdditionalFile.txt
[ 376/1329  0s] WriteText Library/Bee/artifacts/1900b0aE.dag/Unity.2D.Common.Path.Editor.rsp
[ 377/1329  0s] WriteText Library/Bee/artifacts/1900b0aE.dag/Unity.ProBuilder.Stl.rsp2
[ 378/1329  0s] WriteText Library/Bee/artifacts/1900b0aE.dag/Unity.VisualEffectGraph.Editor.rsp
[ 379/1329  0s] WriteText Library/Bee/artifacts/1900b0aE.dag/Unity.RenderPipelines.Core.Editor.Shared.rsp
[ 380/1329  0s] WriteText Library/Bee/artifacts/1900b0aE.dag/Unity.Mathematics.Editor.rsp
[ 381/1329  0s] WriteText Library/Bee/artifacts/1900b0aE.dag/Unity.2D.Triangulation.Runtime.dll.mvfrm.rsp
[ 382/1329  0s] WriteText Library/Bee/artifacts/1900b0aE.dag/Unity.Burst.Editor.rsp
[ 383/1329  0s] WriteText Library/Bee/artifacts/1900b0aE.dag/Unity.ProBuilder.AssetIdRemapUtility.dll.mvfrm.rsp
[ 384/1329  0s] WriteText Library/Bee/artifacts/1900b0aE.dag/Unity.ProBuilder.rsp
[ 385/1329  0s] WriteText Library/Bee/artifacts/1900b0aE.dag/Unity.ProBuilder.AssetIdRemapUtility.rsp
[ 386/1329  0s] WriteText Library/Bee/artifacts/1900b0aE.dag/Unity.ProBuilder.Csg.dll.mvfrm.rsp
[ 387/1329  0s] WriteText Library/Bee/artifacts/1900b0aE.dag/Unity.2D.Triangulation.Runtime.rsp
[ 388/1329  0s] WriteText Library/Bee/artifacts/1900b0aE.dag/Unity.ProBuilder.Stl.dll.mvfrm.rsp
[ 389/1329  0s] WriteText Library/Bee/artifacts/1900b0aE.dag/Unity.TextMeshPro.UnityAdditionalFile.txt
[ 390/1329  0s] WriteText Library/Bee/artifacts/1900b0aE.dag/Unity.2D.Animation.Editor.UnityAdditionalFile.txt
[ 391/1329  0s] WriteText Library/Bee/artifacts/1900b0aE.dag/Unity.TextMeshPro.rsp2
[ 392/1329  0s] WriteText Library/Bee/artifacts/1900b0aE.dag/Unity.ProBuilder.Stl.rsp
[ 393/1329  0s] WriteText Library/Bee/artifacts/1900b0aE.dag/Unity.ProBuilder.Csg.rsp
[ 394/1329  0s] WriteText Library/Bee/artifacts/1900b0aE.dag/Unity.2D.Animation.Editor.rsp2
[ 395/1329  0s] WriteText Library/Bee/artifacts/1900b0aE.dag/Unity.VisualScripting.State.Editor.UnityAdditionalFile.txt
[ 396/1329  0s] WriteText Library/Bee/artifacts/1900b0aE.dag/Unity.2D.Aseprite.Common.UnityAdditionalFile.txt
[ 397/1329  0s] WriteText Library/Bee/artifacts/1900b0aE.dag/Unity.ProBuilder.Editor.rsp2
[ 398/1329  0s] WriteText Library/Bee/artifacts/1900b0aE.dag/Unity.Multiplayer.Center.Common.rsp2
[ 399/1329  0s] WriteText Library/Bee/artifacts/1900b0aE.dag/Unity.Multiplayer.Center.Common.UnityAdditionalFile.txt
[ 400/1329  0s] WriteText Library/Bee/artifacts/1900b0aE.dag/Unity.Cinemachine.UnityAdditionalFile.txt
[ 401/1329  0s] WriteText Library/Bee/artifacts/1900b0aE.dag/Unity.2D.IK.Runtime.UnityAdditionalFile.txt
[ 402/1329  0s] WriteText Library/Bee/artifacts/1900b0aE.dag/Unity.2D.Aseprite.Common.rsp2
[ 403/1329  0s] WriteText Library/Bee/artifacts/1900b0aE.dag/Unity.ProBuilder.Editor.UnityAdditionalFile.txt
[ 404/1329  0s] WriteText Library/Bee/artifacts/1900b0aE.dag/Unity.VisualScripting.State.Editor.rsp2
[ 405/1329  0s] WriteText Library/Bee/artifacts/1900b0aE.dag/Unity.2D.IK.Runtime.rsp2
[ 406/1329  0s] WriteText Library/Bee/artifacts/1900b0aE.dag/Unity.2D.Tilemap.Extras.rsp2
[ 407/1329  0s] WriteText Library/Bee/artifacts/1900b0aE.dag/Unity.2D.Tilemap.Extras.UnityAdditionalFile.txt
[ 408/1329  0s] WriteText Library/Bee/artifacts/1900b0aE.dag/Unity.Cinemachine.rsp2
[ 409/1329  0s] WriteText Library/Bee/artifacts/1900b0aE.dag/Unity.RenderPipelines.Universal.Editor.UnityAdditionalFile.txt
[ 410/1329  0s] WriteText Library/Bee/artifacts/1900b0aE.dag/Unity.RenderPipelines.Universal.Editor.rsp2
[ 411/1329  0s] WriteText Library/Bee/artifacts/1900b0aE.dag/Unity.Splines.Editor.UnityAdditionalFile.txt
[ 412/1329  0s] WriteText Library/Bee/artifacts/1900b0aE.dag/Unity.Splines.Editor.rsp2
[ 413/1329  0s] WriteText Library/Bee/artifacts/1900b0aE.dag/Unity.2D.Animation.Editor.dll.mvfrm.rsp
[ 414/1329  0s] WriteText Library/Bee/artifacts/1900b0aE.dag/Unity.TextMeshPro.rsp
[ 415/1329  0s] WriteText Library/Bee/artifacts/1900b0aE.dag/Unity.TextMeshPro.dll.mvfrm.rsp
[ 416/1329  0s] WriteText Library/Bee/artifacts/1900b0aE.dag/Unity.2D.Animation.Editor.rsp
[ 417/1329  0s] WriteText Library/Bee/artifacts/1900b0aE.dag/Unity.VisualScripting.State.Editor.dll.mvfrm.rsp
[ 418/1329  0s] WriteText Library/Bee/artifacts/1900b0aE.dag/Unity.ProBuilder.Editor.dll.mvfrm.rsp
[ 419/1329  0s] WriteText Library/Bee/artifacts/1900b0aE.dag/Unity.Cinemachine.dll.mvfrm.rsp
[ 420/1329  0s] WriteText Library/Bee/artifacts/1900b0aE.dag/Unity.Splines.Editor.dll.mvfrm.rsp
[ 421/1329  0s] WriteText Library/Bee/artifacts/1900b0aE.dag/Unity.2D.Aseprite.Common.dll.mvfrm.rsp
[ 422/1329  0s] WriteText Library/Bee/artifacts/1900b0aE.dag/Unity.RenderPipelines.Universal.Editor.dll.mvfrm.rsp
[ 423/1329  0s] WriteText Library/Bee/artifacts/1900b0aE.dag/Unity.Multiplayer.Center.Common.dll.mvfrm.rsp
[ 424/1329  0s] WriteText Library/Bee/artifacts/1900b0aE.dag/Unity.2D.Tilemap.Extras.dll.mvfrm.rsp
[ 425/1329  0s] WriteText Library/Bee/artifacts/1900b0aE.dag/Unity.2D.IK.Runtime.dll.mvfrm.rsp
[ 426/1329  0s] WriteText Library/Bee/artifacts/1900b0aE.dag/SRP.F03.Runtime.UnityAdditionalFile.txt
[ 427/1329  0s] WriteText Library/Bee/artifacts/1900b0aE.dag/SRP.F03.Runtime.rsp2
[ 428/1329  0s] WriteText Library/Bee/artifacts/1900b0aE.dag/Unity.PlasticSCM.Editor.rsp2
[ 429/1329  0s] WriteText Library/Bee/artifacts/1900b0aE.dag/Unity.2D.IK.Runtime.rsp
[ 430/1329  0s] WriteText Library/Bee/artifacts/1900b0aE.dag/Unity.RenderPipelines.Universal.Editor.rsp
[ 431/1329  0s] WriteText Library/Bee/artifacts/1900b0aE.dag/Unity.ProBuilder.Editor.rsp
[ 432/1329  0s] WriteText Library/Bee/artifacts/1900b0aE.dag/Unity.PlasticSCM.Editor.UnityAdditionalFile.txt
[ 433/1329  0s] WriteText Library/Bee/artifacts/1900b0aE.dag/Unity.Multiplayer.Center.Common.rsp
[ 434/1329  0s] WriteText Library/Bee/artifacts/1900b0aE.dag/Unity.Splines.Editor.rsp
[ 435/1329  0s] WriteText Library/Bee/artifacts/1900b0aE.dag/Unity.VisualScripting.State.Editor.rsp
[ 436/1329  0s] WriteText Library/Bee/artifacts/1900b0aE.dag/Unity.2D.Tilemap.Extras.rsp
[ 437/1329  0s] WriteText Library/Bee/artifacts/1900b0aE.dag/Unity.2D.Aseprite.Common.rsp
[ 438/1329  0s] WriteText Library/Bee/artifacts/1900b0aE.dag/Unity.Cinemachine.rsp
[ 439/1329  0s] WriteText Library/Bee/artifacts/1900b0aE.dag/PsdPlugin.rsp2
[ 440/1329  0s] WriteText Library/Bee/artifacts/1900b0aE.dag/PsdPlugin.UnityAdditionalFile.txt
[ 441/1329  0s] WriteText Library/Bee/artifacts/1900b0aE.dag/PsdPlugin.dll.mvfrm.rsp
[ 442/1329  0s] WriteText Library/Bee/artifacts/1900b0aE.dag/SRP.F03.Runtime.dll.mvfrm.rsp
[ 443/1329  0s] WriteText Library/Bee/artifacts/1900b0aE.dag/Unity.VisualStudio.Editor.UnityAdditionalFile.txt
[ 444/1329  0s] WriteText Library/Bee/artifacts/1900b0aE.dag/Unity.PlasticSCM.Editor.dll.mvfrm.rsp
[ 445/1329  0s] WriteText Library/Bee/artifacts/1900b0aE.dag/Unity.VisualStudio.Editor.rsp2
[ 446/1329  0s] WriteText Library/Bee/artifacts/1900b0aE.dag/PsdPlugin.rsp
[ 447/1329  0s] WriteText Library/Bee/artifacts/1900b0aE.dag/MCPForUnity.Runtime.rsp2
[ 448/1329  0s] WriteText Library/Bee/artifacts/1900b0aE.dag/Unity.Rider.Editor.rsp2
[ 449/1329  0s] WriteText Library/Bee/artifacts/1900b0aE.dag/MCPForUnity.Runtime.UnityAdditionalFile.txt
[ 450/1329  0s] WriteText Library/Bee/artifacts/1900b0aE.dag/Unity.Rider.Editor.UnityAdditionalFile.txt
[ 451/1329  0s] WriteText Library/Bee/artifacts/1900b0aE.dag/SRP.F03.Runtime.rsp
[ 452/1329  0s] WriteText Library/Bee/artifacts/1900b0aE.dag/Unity.VisualScripting.Shared.Editor.rsp2
[ 453/1329  0s] WriteText Library/Bee/artifacts/1900b0aE.dag/Unity.ProBuilder.AddOns.Editor.rsp2
[ 454/1329  0s] WriteText Library/Bee/artifacts/1900b0aE.dag/Unity.ProBuilder.AddOns.Editor.UnityAdditionalFile.txt
[ 455/1329  0s] WriteText Library/Bee/artifacts/1900b0aE.dag/UnityEditor.UI.Analytics.UnityAdditionalFile.txt
[ 456/1329  0s] WriteText Library/Bee/artifacts/1900b0aE.dag/Unity.RenderPipelines.Core.ShaderLibrary.UnityAdditionalFile.txt
[ 457/1329  0s] WriteText Library/Bee/artifacts/1900b0aE.dag/Unity.RenderPipelines.Core.ShaderLibrary.rsp2
[ 458/1329  0s] WriteText Library/Bee/artifacts/1900b0aE.dag/UnityEditor.UI.Analytics.rsp2
[ 459/1329  0s] WriteText Library/Bee/artifacts/1900b0aE.dag/Unity.RenderPipelines.ShaderGraph.ShaderGraphLibrary.UnityAdditionalFile.txt
[ 460/1329  0s] WriteText Library/Bee/artifacts/1900b0aE.dag/Unity.RenderPipelines.ShaderGraph.ShaderGraphLibrary.rsp2
[ 461/1329  0s] WriteText Library/Bee/artifacts/1900b0aE.dag/Unity.Multiplayer.Center.Editor.rsp2
[ 462/1329  0s] WriteText Library/Bee/artifacts/1900b0aE.dag/Unity.RenderPipelines.Universal.2D.Editor.Overrides.UnityAdditionalFile.txt
[ 463/1329  0s] WriteText Library/Bee/artifacts/1900b0aE.dag/Unity.RenderPipelines.Universal.2D.Editor.Overrides.rsp2
[ 464/1329  0s] WriteText Library/Bee/artifacts/1900b0aE.dag/Unity.Multiplayer.Center.Editor.UnityAdditionalFile.txt
[ 465/1329  0s] WriteText Library/Bee/artifacts/1900b0aE.dag/Unity.RenderPipelines.Universal.Shaders.UnityAdditionalFile.txt
[ 466/1329  0s] WriteText Library/Bee/artifacts/1900b0aE.dag/Unity.RenderPipelines.Universal.Shaders.rsp2
[ 467/1329  0s] WriteText Library/Bee/artifacts/1900b0aE.dag/Unity.Rendering.LightTransport.Editor.UnityAdditionalFile.txt
[ 468/1329  0s] WriteText Library/Bee/artifacts/1900b0aE.dag/Unity.Rendering.LightTransport.Editor.rsp2
[ 469/1329  0s] WriteText Library/Bee/artifacts/1900b0aE.dag/Unity.Cinemachine.Editor.rsp2
[ 470/1329  0s] WriteText Library/Bee/artifacts/1900b0aE.dag/Unity.PlasticSCM.Editor.rsp
[ 471/1329  0s] WriteText Library/Bee/artifacts/1900b0aE.dag/Unity.2D.IK.Editor.UnityAdditionalFile.txt
[ 472/1329  0s] WriteText Library/Bee/artifacts/1900b0aE.dag/Unity.2D.IK.Editor.rsp2
[ 473/1329  0s] WriteText Library/Bee/artifacts/1900b0aE.dag/Unity.2D.Psdimporter.Editor.UnityAdditionalFile.txt
[ 474/1329  0s] WriteText Library/Bee/artifacts/1900b0aE.dag/Unity.2D.Psdimporter.Editor.rsp2
[ 475/1329  0s] WriteText Library/Bee/artifacts/1900b0aE.dag/Unity.2D.SpriteShape.Editor.UnityAdditionalFile.txt
[ 476/1329  0s] WriteText Library/Bee/artifacts/1900b0aE.dag/Unity.2D.Tilemap.Extras.Editor.UnityAdditionalFile.txt
[ 477/1329  0s] WriteText Library/Bee/artifacts/1900b0aE.dag/Unity.2D.SpriteShape.Editor.rsp2
[ 478/1329  0s] WriteText Library/Bee/artifacts/1900b0aE.dag/Unity.2D.Tilemap.Extras.Editor.rsp2
[ 479/1329  0s] WriteText Library/Bee/artifacts/1900b0aE.dag/Unity.2D.Tooling.Editor.UnityAdditionalFile.txt
[ 480/1329  0s] WriteText Library/Bee/artifacts/1900b0aE.dag/Unity.2D.Tooling.Editor.rsp2
[ 481/1329  0s] WriteText Library/Bee/artifacts/1900b0aE.dag/Unity.Cinemachine.Editor.UnityAdditionalFile.txt
[ 482/1329  0s] WriteText Library/Bee/artifacts/1900b0aE.dag/Unity.Collections.Editor.UnityAdditionalFile.txt
[ 483/1329  0s] WriteText Library/Bee/artifacts/1900b0aE.dag/Unity.Collections.Editor.rsp2
[ 484/1329  0s] WriteText Library/Bee/artifacts/1900b0aE.dag/Unity.InputSystem.ForUI.UnityAdditionalFile.txt
[ 485/1329  0s] WriteText Library/Bee/artifacts/1900b0aE.dag/Unity.2D.Aseprite.Editor.UnityAdditionalFile.txt
[ 486/1329  0s] WriteText Library/Bee/artifacts/1900b0aE.dag/Unity.InputSystem.ForUI.rsp2
[ 487/1329  0s] WriteText Library/Bee/artifacts/1900b0aE.dag/Unity.2D.Aseprite.Editor.rsp2
[ 488/1329  0s] WriteText Library/Bee/artifacts/1900b0aE.dag/Unity.TextMeshPro.Editor.UnityAdditionalFile.txt
[ 489/1329  0s] WriteText Library/Bee/artifacts/1900b0aE.dag/Unity.TextMeshPro.Editor.rsp2
[ 490/1329  0s] WriteText Library/Bee/artifacts/1900b0aE.dag/Unity.VisualScripting.SettingsProvider.Editor.UnityAdditionalFile.txt
[ 491/1329  0s] WriteText Library/Bee/artifacts/1900b0aE.dag/Unity.VisualScripting.Shared.Editor.UnityAdditionalFile.txt
[ 492/1329  0s] WriteText Library/Bee/artifacts/1900b0aE.dag/Unity.VisualScripting.SettingsProvider.Editor.rsp2
[ 493/1329  0s] WriteText Library/Bee/artifacts/1900b0aE.dag/Unity.VisualStudio.Editor.dll.mvfrm.rsp
[ 494/1329  0s] WriteText Library/Bee/artifacts/1900b0aE.dag/Unity.Rider.Editor.dll.mvfrm.rsp
[ 495/1329  0s] WriteText Library/Bee/artifacts/1900b0aE.dag/MCPForUnity.Runtime.dll.mvfrm.rsp
[ 496/1329  0s] WriteText Library/Bee/artifacts/1900b0aE.dag/Unity.Multiplayer.Center.Editor.dll.mvfrm.rsp
[ 497/1329  0s] WriteText Library/Bee/artifacts/1900b0aE.dag/Unity.ProBuilder.AddOns.Editor.dll.mvfrm.rsp
[ 498/1329  0s] WriteText Library/Bee/artifacts/1900b0aE.dag/Unity.RenderPipelines.Core.ShaderLibrary.dll.mvfrm.rsp
[ 499/1329  0s] WriteText Library/Bee/artifacts/1900b0aE.dag/Unity.RenderPipelines.Universal.2D.Editor.Overrides.dll.mvfrm.rsp
[ 500/1329  0s] WriteText Library/Bee/artifacts/1900b0aE.dag/Unity.TextMeshPro.Editor.dll.mvfrm.rsp
[ 501/1329  0s] WriteText Library/Bee/artifacts/1900b0aE.dag/Unity.2D.Tooling.Editor.dll.mvfrm.rsp
[ 502/1329  0s] WriteText Library/Bee/artifacts/1900b0aE.dag/Unity.2D.Tilemap.Extras.Editor.dll.mvfrm.rsp
[ 503/1329  0s] WriteText Library/Bee/artifacts/1900b0aE.dag/Unity.VisualScripting.SettingsProvider.Editor.dll.mvfrm.rsp
[ 504/1329  0s] WriteText Library/Bee/artifacts/1900b0aE.dag/Unity.2D.SpriteShape.Editor.dll.mvfrm.rsp
[ 505/1329  0s] WriteText Library/Bee/artifacts/1900b0aE.dag/Unity.VisualScripting.Shared.Editor.dll.mvfrm.rsp
[ 506/1329  0s] WriteText Library/Bee/artifacts/1900b0aE.dag/Unity.2D.IK.Editor.dll.mvfrm.rsp
[ 507/1329  0s] WriteText Library/Bee/artifacts/1900b0aE.dag/Unity.2D.Psdimporter.Editor.dll.mvfrm.rsp
[ 508/1329  0s] WriteText Library/Bee/artifacts/1900b0aE.dag/Unity.Cinemachine.Editor.dll.mvfrm.rsp
[ 509/1329  0s] WriteText Library/Bee/artifacts/1900b0aE.dag/UnityEditor.UI.Analytics.dll.mvfrm.rsp
[ 510/1329  0s] WriteText Library/Bee/artifacts/1900b0aE.dag/Unity.RenderPipelines.ShaderGraph.ShaderGraphLibrary.dll.mvfrm.rsp
[ 511/1329  0s] WriteText Library/Bee/artifacts/1900b0aE.dag/Unity.2D.Aseprite.Editor.dll.mvfrm.rsp
[ 512/1329  0s] WriteText Library/Bee/artifacts/1900b0aE.dag/Unity.InputSystem.ForUI.dll.mvfrm.rsp
[ 513/1329  0s] WriteText Library/Bee/artifacts/1900b0aE.dag/Unity.Rendering.LightTransport.Editor.dll.mvfrm.rsp
[ 514/1329  0s] WriteText Library/Bee/artifacts/1900b0aE.dag/Unity.Collections.Editor.dll.mvfrm.rsp
[ 515/1329  0s] WriteText Library/Bee/artifacts/1900b0aE.dag/Unity.RenderPipelines.Universal.Shaders.dll.mvfrm.rsp
[ 516/1329  0s] WriteText Library/Bee/artifacts/1900b0aE.dag/SRP.F03.Editor.UnityAdditionalFile.txt
[ 517/1329  0s] WriteText Library/Bee/artifacts/1900b0aE.dag/SRP.F03.Editor.rsp2
[ 518/1329  0s] WriteText Library/Bee/artifacts/1900b0aE.dag/Unity.Rider.Editor.rsp
[ 519/1329  0s] WriteText Library/Bee/artifacts/1900b0aE.dag/Unity.VisualStudio.Editor.rsp
[ 520/1329  0s] WriteText Library/Bee/artifacts/1900b0aE.dag/MCPForUnity.Runtime.rsp
[ 521/1329  0s] WriteText Library/Bee/artifacts/1900b0aE.dag/Unity.VisualScripting.Shared.Editor.rsp
[ 522/1329  0s] WriteText Library/Bee/artifacts/1900b0aE.dag/Unity.ProBuilder.AddOns.Editor.rsp
[ 523/1329  0s] WriteText Library/Bee/artifacts/1900b0aE.dag/Unity.RenderPipelines.Core.ShaderLibrary.rsp
[ 524/1329  0s] WriteText Library/Bee/artifacts/1900b0aE.dag/Unity.RenderPipelines.ShaderGraph.ShaderGraphLibrary.rsp
[ 525/1329  0s] WriteText Library/Bee/artifacts/1900b0aE.dag/Unity.RenderPipelines.Universal.2D.Editor.Overrides.rsp
[ 526/1329  0s] WriteText Library/Bee/artifacts/1900b0aE.dag/Unity.RenderPipelines.Universal.Shaders.rsp
[ 527/1329  0s] WriteText Library/Bee/artifacts/1900b0aE.dag/Unity.Rendering.LightTransport.Editor.rsp
[ 528/1329  0s] WriteText Library/Bee/artifacts/1900b0aE.dag/UnityEditor.UI.Analytics.rsp
[ 529/1329  0s] WriteText Library/Bee/artifacts/1900b0aE.dag/Unity.2D.Aseprite.Editor.rsp
[ 530/1329  0s] WriteText Library/Bee/artifacts/1900b0aE.dag/Unity.2D.IK.Editor.rsp
[ 531/1329  0s] WriteText Library/Bee/artifacts/1900b0aE.dag/Unity.2D.Psdimporter.Editor.rsp
[ 532/1329  0s] WriteText Library/Bee/artifacts/1900b0aE.dag/Unity.2D.SpriteShape.Editor.rsp
[ 533/1329  0s] WriteText Library/Bee/artifacts/1900b0aE.dag/Unity.TextMeshPro.Editor.rsp
[ 534/1329  0s] WriteText Library/Bee/artifacts/1900b0aE.dag/Unity.2D.Tilemap.Extras.Editor.rsp
[ 535/1329  0s] WriteText Library/Bee/artifacts/1900b0aE.dag/Unity.2D.Tooling.Editor.rsp
[ 536/1329  0s] WriteText Library/Bee/artifacts/1900b0aE.dag/Unity.Cinemachine.Editor.rsp
[ 537/1329  0s] WriteText Library/Bee/artifacts/1900b0aE.dag/Unity.VisualScripting.SettingsProvider.Editor.rsp
[ 538/1329  0s] WriteText Library/Bee/artifacts/1900b0aE.dag/Unity.Collections.Editor.rsp
[ 539/1329  0s] WriteText Library/Bee/artifacts/1900b0aE.dag/Unity.InputSystem.ForUI.rsp
[ 540/1329  0s] WriteText Library/Bee/artifacts/1900b0aE.dag/Unity.Multiplayer.Center.Editor.rsp
[ 541/1329  0s] WriteText Library/Bee/artifacts/1900b0aE.dag/MCPForUnity.Editor.rsp2
[ 542/1329  0s] WriteText Library/Bee/artifacts/1900b0aE.dag/MCPForUnity.Editor.UnityAdditionalFile.txt
[ 543/1329  0s] WriteText Library/Bee/artifacts/1900b0aE.dag/Unity.PerformanceTesting.rsp2
[ 544/1329  0s] WriteText Library/Bee/artifacts/1900b0aE.dag/SRP.F03.Editor.dll.mvfrm.rsp
[ 545/1329  0s] WriteText Library/Bee/artifacts/1900b0aE.dag/Unity.PerformanceTesting.UnityAdditionalFile.txt
[ 546/1329  0s] WriteText Library/Bee/artifacts/1900b0aE.dag/MCPForUnity.Editor.dll.mvfrm.rsp
[ 547/1329  0s] WriteText Library/Bee/artifacts/1900b0aE.dag/SRP.F03.Editor.rsp
[ 548/1329  0s] WriteText Library/Bee/artifacts/1900b0aE.dag/Unity.PerformanceTesting.dll.mvfrm.rsp
[ 549/1329  0s] WriteText Library/Bee/artifacts/1900b0aE.dag/Unity.PerformanceTesting.rsp
[ 550/1329  0s] WriteText Library/Bee/artifacts/1900b0aE.dag/MCPForUnity.Editor.rsp
[ 551/1329  0s] WriteText Library/Bee/artifacts/1900b0aE.dag/Assembly-CSharp.rsp2
[ 552/1329  0s] WriteText Library/Bee/artifacts/1900b0aE.dag/Assembly-CSharp.UnityAdditionalFile.txt
[ 553/1329  0s] WriteText Library/Bee/artifacts/1900b0aE.dag/Assembly-CSharp.dll.mvfrm.rsp
[ 554/1329  0s] WriteText Library/Bee/artifacts/1900b0aE.dag/Assembly-CSharp.rsp
[ 555/1329  0s] WriteText Library/Bee/artifacts/1900b0aE.dag/Unity.InputSystem.TestFramework.dll.mvfrm.rsp
[ 556/1329  0s] WriteText Library/Bee/artifacts/1900b0aE.dag/SRP.F03.PlayModeTests.dll.mvfrm.rsp
[ 557/1329  0s] WriteText Library/Bee/artifacts/1900b0aE.dag/Unity.VisualScripting.DocCodeExamples.dll.mvfrm.rsp
[ 558/1329  0s] WriteText Library/Bee/artifacts/1900b0aE.dag/Unity.CollabProxy.Editor.dll.mvfrm.rsp
[ 559/1329  0s] WriteText Library/Bee/artifacts/1900b0aE.dag/Unity.VisualScripting.DocCodeExamples.rsp2
[ 560/1329  0s] WriteText Library/Bee/artifacts/1900b0aE.dag/SRP.F03.PlayModeTests.UnityAdditionalFile.txt
[ 561/1329  0s] WriteText Library/Bee/artifacts/1900b0aE.dag/Unity.InputSystem.TestFramework.rsp2
[ 562/1329  0s] WriteText Library/Bee/artifacts/1900b0aE.dag/Unity.PlasticSCM.Editor.Entities.dll.mvfrm.rsp
[ 563/1329  0s] WriteText Library/Bee/artifacts/1900b0aE.dag/Unity.PerformanceTesting.Editor.dll.mvfrm.rsp
[ 564/1329  0s] WriteText Library/Bee/artifacts/1900b0aE.dag/SRP.F03.EditModeTests.dll.mvfrm.rsp
[ 565/1329  0s] WriteText Library/Bee/artifacts/1900b0aE.dag/Unity.InputSystem.TestFramework.UnityAdditionalFile.txt
[ 566/1329  0s] WriteText Library/Bee/artifacts/1900b0aE.dag/Unity.InputSystem.DocCodeSamples.dll.mvfrm.rsp
[ 567/1329  0s] WriteText Library/Bee/artifacts/1900b0aE.dag/Unity.VisualScripting.DocCodeExamples.UnityAdditionalFile.txt
[ 568/1329  0s] WriteText Library/Bee/artifacts/1900b0aE.dag/SRP.F03.PlayModeTests.rsp2
[ 569/1329  0s] WriteText Library/Bee/artifacts/1900b0aE.dag/Assembly-CSharp-Editor.dll.mvfrm.rsp
[ 570/1329  0s] WriteText Library/Bee/artifacts/1900b0aE.dag/ScriptablePacker.UnityAdditionalFile.txt
[ 571/1329  0s] WriteText Library/Bee/artifacts/1900b0aE.dag/ScriptablePacker.dll.mvfrm.rsp
[ 572/1329  0s] WriteText Library/Bee/artifacts/1900b0aE.dag/Unity.VisualScripting.DocCodeExamples.rsp
[ 573/1329  0s] WriteText Library/Bee/artifacts/1900b0aE.dag/Assembly-CSharp-Editor.UnityAdditionalFile.txt
[ 574/1329  0s] WriteText Library/Bee/artifacts/1900b0aE.dag/Assembly-CSharp-Editor.rsp2
[ 575/1329  0s] WriteText Library/Bee/artifacts/1900b0aE.dag/Unity.InputSystem.TestFramework.rsp
[ 576/1329  0s] WriteText Library/Bee/artifacts/1900b0aE.dag/Unity.InputSystem.DocCodeSamples.UnityAdditionalFile.txt
[ 577/1329  0s] WriteText Library/Bee/artifacts/1900b0aE.dag/Unity.CollabProxy.Editor.UnityAdditionalFile.txt
[ 578/1329  0s] WriteText Library/Bee/artifacts/1900b0aE.dag/Unity.PerformanceTesting.Editor.rsp2
[ 579/1329  0s] WriteText Library/Bee/artifacts/1900b0aE.dag/Unity.PlasticSCM.Editor.Entities.UnityAdditionalFile.txt
[ 580/1329  0s] WriteText Library/Bee/artifacts/1900b0aE.dag/Unity.PerformanceTesting.Editor.UnityAdditionalFile.txt
[ 581/1329  0s] WriteText Library/Bee/artifacts/1900b0aE.dag/SRP.F03.PlayModeTests.rsp
[ 582/1329  0s] WriteText Library/Bee/artifacts/1900b0aE.dag/Unity.CollabProxy.Editor.rsp2
[ 583/1329  0s] WriteResponseFile Library/Bee/artifacts/rsp/10571807241835812913.rsp
[ 584/1329  0s] WriteText Library/Bee/artifacts/1900b0aE.dag/Unity.InputSystem.DocCodeSamples.rsp2
[ 585/1329  0s] WriteResponseFile Library/Bee/artifacts/rsp/11932646040550446581.rsp
[ 586/1329  0s] WriteText Library/Bee/artifacts/1900b0aE.dag/SRP.F03.EditModeTests.UnityAdditionalFile.txt
[ 587/1329  0s] WriteText Library/Bee/artifacts/1900b0aE.dag/Unity.PlasticSCM.Editor.Entities.rsp2
[ 588/1329  0s] WriteResponseFile Library/Bee/artifacts/rsp/9822160241446076777.rsp
[ 589/1329  0s] WriteResponseFile Library/Bee/artifacts/rsp/7038082120299526273.rsp
[ 590/1329  0s] WriteResponseFile Library/Bee/artifacts/rsp/2897256077774953845.rsp
[ 591/1329  0s] WriteText Library/Bee/artifacts/1900b0aE.dag/SRP.F03.EditModeTests.rsp2
[ 592/1329  0s] WriteText Library/Bee/artifacts/1900b0aE.dag/ScriptablePacker.rsp2
[ 593/1329  0s] WriteText Library/Bee/artifacts/1900b0aE.dag/Assembly-CSharp-Editor.rsp
[ 594/1329  0s] WriteResponseFile Library/Bee/artifacts/rsp/4014436084419441659.rsp
[ 595/1329  0s] WriteText Library/Bee/artifacts/1900b0aE.dag/Unity.PerformanceTesting.Editor.rsp
[ 596/1329  0s] WriteResponseFile Library/Bee/artifacts/rsp/1237274906319909237.rsp
[ 597/1329  0s] WriteText Library/Bee/artifacts/1900b0aE.dag/ScriptablePacker.rsp
[ 598/1329  0s] WriteResponseFile Library/Bee/artifacts/rsp/10010842633742469623.rsp
[ 599/1329  0s] WriteText Library/Bee/artifacts/1900b0aE.dag/Unity.InputSystem.DocCodeSamples.rsp
[ 600/1329  0s] WriteResponseFile Library/Bee/artifacts/rsp/5249134988916615986.rsp
[ 601/1329  0s] WriteText Library/Bee/artifacts/1900b0aE.dag/Unity.PlasticSCM.Editor.Entities.rsp
[ 602/1329  0s] WriteResponseFile Library/Bee/artifacts/rsp/10678863128556690338.rsp
[ 603/1329  0s] WriteText Library/Bee/artifacts/1900b0aE.dag/SRP.F03.EditModeTests.rsp
[ 604/1329  0s] WriteResponseFile Library/Bee/artifacts/rsp/6154019870087291391.rsp
[ 605/1329  0s] WriteText Library/Bee/artifacts/1900b0aE.dag/Unity.CollabProxy.Editor.rsp
[ 606/1329  0s] WriteResponseFile Library/Bee/artifacts/rsp/1410676725171572189.rsp
[ 607/1329  0s] WriteResponseFile Library/Bee/artifacts/rsp/15183482696195477058.rsp
[ 608/1329  0s] WriteResponseFile Library/Bee/artifacts/rsp/17525389461119239690.rsp
[ 609/1329  0s] WriteResponseFile Library/Bee/artifacts/rsp/10397561839769426034.rsp
[ 610/1329  0s] WriteResponseFile Library/Bee/artifacts/rsp/10411718816959651794.rsp
[ 611/1329  0s] WriteResponseFile Library/Bee/artifacts/rsp/15085861467720516389.rsp
[ 612/1329  0s] WriteResponseFile Library/Bee/artifacts/rsp/9362519405459664194.rsp
[ 613/1329  0s] MovedFromExtractor-Combine Library/Bee/artifacts/1900b0aE.dag/UnityEngine.UI.dll.mvfrm
[ 614/1329  0s] WriteResponseFile Library/Bee/artifacts/rsp/4691676790321305727.rsp
[ 615/1329  0s] WriteResponseFile Library/Bee/artifacts/rsp/13686715218353603589.rsp
[ 616/1329  0s] MovedFromExtractor-Combine Library/Bee/artifacts/1900b0aE.dag/UnityEngine.TestRunner.dll.mvfrm
[ 617/1329  0s] WriteResponseFile Library/Bee/artifacts/rsp/1478594098268573080.rsp
[ 618/1329  0s] WriteResponseFile Library/Bee/artifacts/rsp/6926050050839106864.rsp
[ 619/1329  0s] WriteResponseFile Library/Bee/artifacts/rsp/7666747002125936250.rsp
[ 620/1329  0s] WriteResponseFile Library/Bee/artifacts/rsp/1418726328684876121.rsp
[ 621/1329  0s] WriteResponseFile Library/Bee/artifacts/rsp/17346584914308636752.rsp
[ 622/1329  0s] WriteResponseFile Library/Bee/artifacts/rsp/7606483801609891643.rsp
[ 623/1329  0s] WriteResponseFile Library/Bee/artifacts/rsp/11344994280883157806.rsp
[ 624/1329  0s] WriteResponseFile Library/Bee/artifacts/rsp/15966515983506956808.rsp
[ 625/1329  0s] WriteResponseFile Library/Bee/artifacts/rsp/5916180605834378387.rsp
[ 626/1329  0s] WriteResponseFile Library/Bee/artifacts/rsp/10142702499866438521.rsp
[ 627/1329  0s] WriteResponseFile Library/Bee/artifacts/rsp/13909235412005675431.rsp
[ 628/1329  0s] WriteResponseFile Library/Bee/artifacts/rsp/9231891881196895936.rsp
[ 629/1329  0s] WriteResponseFile Library/Bee/artifacts/rsp/5658204686568100546.rsp
[ 630/1329  0s] WriteResponseFile Library/Bee/artifacts/rsp/13470454050998269204.rsp
[ 631/1329  0s] WriteResponseFile Library/Bee/artifacts/rsp/371313552957789180.rsp
[ 632/1329  0s] WriteResponseFile Library/Bee/artifacts/rsp/9870516708743257357.rsp
[ 633/1329  0s] WriteResponseFile Library/Bee/artifacts/rsp/18218310762646611085.rsp
[ 634/1329  0s] WriteResponseFile Library/Bee/artifacts/rsp/5803490648119114145.rsp
[ 635/1329  0s] WriteResponseFile Library/Bee/artifacts/rsp/8899139255040401798.rsp
[ 636/1329  0s] WriteResponseFile Library/Bee/artifacts/rsp/3258459190130463912.rsp
[ 637/1329  0s] WriteResponseFile Library/Bee/artifacts/rsp/5789562303001664424.rsp
[ 638/1329  0s] WriteResponseFile Library/Bee/artifacts/rsp/10654656162358534522.rsp
[ 639/1329  0s] WriteResponseFile Library/Bee/artifacts/rsp/2157608619508796868.rsp
[ 640/1329  0s] WriteResponseFile Library/Bee/artifacts/rsp/3064155424177982801.rsp
[ 641/1329  0s] WriteResponseFile Library/Bee/artifacts/rsp/11294775302662683298.rsp
[ 642/1329  0s] WriteResponseFile Library/Bee/artifacts/rsp/15875538839575725175.rsp
[ 643/1329  0s] WriteResponseFile Library/Bee/artifacts/rsp/5546506141355401238.rsp
[ 644/1329  0s] WriteResponseFile Library/Bee/artifacts/rsp/2015906760990926514.rsp
[ 645/1329  0s] WriteResponseFile Library/Bee/artifacts/rsp/2240406767038398906.rsp
[ 646/1329  0s] WriteResponseFile Library/Bee/artifacts/rsp/7759033573704817190.rsp
[ 647/1329  0s] WriteResponseFile Library/Bee/artifacts/rsp/1434165222724478427.rsp
[ 648/1329  0s] WriteResponseFile Library/Bee/artifacts/rsp/1723042715960067801.rsp
[ 649/1329  0s] WriteResponseFile Library/Bee/artifacts/rsp/14022153576099422025.rsp
[ 650/1329  0s] WriteResponseFile Library/Bee/artifacts/rsp/2781082588993088484.rsp
[ 651/1329  0s] WriteResponseFile Library/Bee/artifacts/rsp/9703144790800738880.rsp
[ 652/1329  0s] WriteResponseFile Library/Bee/artifacts/rsp/14204121846876410350.rsp
[ 653/1329  0s] WriteResponseFile Library/Bee/artifacts/rsp/14905000609055493169.rsp
[ 654/1329  0s] WriteResponseFile Library/Bee/artifacts/rsp/9963604852455136489.rsp
[ 655/1329  0s] WriteResponseFile Library/Bee/artifacts/rsp/17738801749825545598.rsp
[ 656/1329  0s] WriteResponseFile Library/Bee/artifacts/rsp/12812556936427222528.rsp
[ 657/1329  0s] WriteResponseFile Library/Bee/artifacts/rsp/15312589170787849123.rsp
[ 658/1329  0s] WriteResponseFile Library/Bee/artifacts/rsp/17723086061372457914.rsp
[ 659/1329  0s] WriteResponseFile Library/Bee/artifacts/rsp/5521740788080646575.rsp
[ 660/1329  0s] WriteResponseFile Library/Bee/artifacts/rsp/1488387367365330867.rsp
[ 661/1329  0s] WriteResponseFile Library/Bee/artifacts/rsp/12248871281822510316.rsp
[ 662/1329  0s] WriteResponseFile Library/Bee/artifacts/rsp/14814235663552238418.rsp
[ 663/1329  0s] WriteResponseFile Library/Bee/artifacts/rsp/10292501669419677951.rsp
[ 664/1329  0s] WriteResponseFile Library/Bee/artifacts/rsp/5776641215966470922.rsp
[ 665/1329  0s] WriteResponseFile Library/Bee/artifacts/rsp/8336928665352126947.rsp
[ 666/1329  0s] WriteResponseFile Library/Bee/artifacts/rsp/3938377011463375229.rsp
[ 667/1329  0s] WriteResponseFile Library/Bee/artifacts/rsp/15394042617203071315.rsp
[ 668/1329  0s] WriteResponseFile Library/Bee/artifacts/rsp/14566447020836459352.rsp
[ 669/1329  0s] WriteResponseFile Library/Bee/artifacts/rsp/10719215101466552486.rsp
[ 670/1329  0s] WriteResponseFile Library/Bee/artifacts/rsp/3388064732626934676.rsp
[ 671/1329  0s] WriteResponseFile Library/Bee/artifacts/rsp/15183149355271759364.rsp
[ 672/1329  0s] WriteResponseFile Library/Bee/artifacts/rsp/8863518860715653438.rsp
[ 673/1329  0s] WriteResponseFile Library/Bee/artifacts/rsp/1177933628359149393.rsp
[ 674/1329  0s] WriteResponseFile Library/Bee/artifacts/rsp/1000725841676588325.rsp
[ 675/1329  0s] WriteResponseFile Library/Bee/artifacts/rsp/11820488456832421373.rsp
[ 676/1329  0s] WriteResponseFile Library/Bee/artifacts/rsp/14776904114713646495.rsp
[ 677/1329  0s] WriteResponseFile Library/Bee/artifacts/rsp/14502112590723880366.rsp
[ 678/1329  0s] WriteResponseFile Library/Bee/artifacts/rsp/10831531723267835799.rsp
[ 679/1329  0s] WriteResponseFile Library/Bee/artifacts/rsp/9675442845102135732.rsp
[ 680/1329  0s] WriteResponseFile Library/Bee/artifacts/rsp/11295897478892413411.rsp
[ 681/1329  0s] WriteResponseFile Library/Bee/artifacts/rsp/3043913547040211301.rsp
[ 682/1329  0s] WriteResponseFile Library/Bee/artifacts/rsp/13445476680238899994.rsp
[ 683/1329  0s] WriteResponseFile Library/Bee/artifacts/rsp/6210570011482043853.rsp
[ 684/1329  0s] WriteResponseFile Library/Bee/artifacts/rsp/2098168516021703545.rsp
[ 685/1329  0s] WriteResponseFile Library/Bee/artifacts/rsp/12900333509587573630.rsp
[ 686/1329  0s] WriteResponseFile Library/Bee/artifacts/rsp/5440508632015449564.rsp
[ 687/1329  0s] WriteResponseFile Library/Bee/artifacts/rsp/6262281476893245489.rsp
[ 688/1329  0s] WriteResponseFile Library/Bee/artifacts/rsp/13439087796855272166.rsp
[ 689/1329  0s] WriteResponseFile Library/Bee/artifacts/rsp/6413563044966999158.rsp
[ 690/1329  0s] WriteResponseFile Library/Bee/artifacts/rsp/6841316898876630997.rsp
[ 691/1329  0s] WriteResponseFile Library/Bee/artifacts/rsp/9111662996337956171.rsp
[ 692/1329  0s] WriteResponseFile Library/Bee/artifacts/rsp/5806762800881712256.rsp
[ 693/1329  0s] WriteResponseFile Library/Bee/artifacts/rsp/4772145154433932943.rsp
[ 694/1329  0s] WriteResponseFile Library/Bee/artifacts/rsp/12697856024727907050.rsp
[ 695/1329  0s] WriteResponseFile Library/Bee/artifacts/rsp/3648465134513896125.rsp
[ 696/1329  0s] WriteResponseFile Library/Bee/artifacts/rsp/7896521298153392796.rsp
[ 697/1329  0s] WriteResponseFile Library/Bee/artifacts/rsp/2499735490941455596.rsp
[ 698/1329  0s] WriteResponseFile Library/Bee/artifacts/rsp/16942202937359522267.rsp
[ 699/1329  0s] WriteResponseFile Library/Bee/artifacts/rsp/17296387151066238333.rsp
[ 699/1329  0s] Csc Library/Bee/artifacts/1900b0aE.dag/UnityEngine.TestRunner.dll (+2 others) [CacheHit 4314dc3937777e21302b99a51589108400000000000000000000000000000006]
[ 700/1329  0s] Csc Library/Bee/artifacts/1900b0aE.dag/UnityEngine.TestRunner.dll (+2 others)
[ 702/1329  0s] Csc Library/Bee/artifacts/1900b0aE.dag/UnityEngine.UI.dll (+2 others) [CacheHit 97954fc84636b69089bfb852a74820c000000000000000000000000000000006]
[ 704/1329  0s] Csc Library/Bee/artifacts/1900b0aE.dag/UnityEngine.UI.dll (+2 others)
[ 706/1329  0s] MovedFromExtractor Library/Bee/artifacts/mvdfrm/UnityEngine.UI.ref.dll_08FEAA520A2EFD60.mvfrm
[ 707/1329  0s] MovedFromExtractor Library/Bee/artifacts/mvdfrm/UnityEngine.TestRunner.ref.dll_E55D0F7C63F01D9E.mvfrm
[ 708/1329  0s] MovedFromExtractor-Combine Library/Bee/artifacts/1900b0aE.dag/UnityEditor.TestRunner.dll.mvfrm
[ 706/1329  0s] Csc Library/Bee/artifacts/1900b0aE.dag/UnityEditor.TestRunner.dll (+2 others) [CacheHit 0fb5160cc3304a1d896adb1d4bdfa85b00000000000000000000000000000006]
[ 709/1329  0s] Csc Library/Bee/artifacts/1900b0aE.dag/UnityEditor.TestRunner.dll (+2 others)
[ 713/1329  0s] MovedFromExtractor Library/Bee/artifacts/mvdfrm/UnityEditor.TestRunner.ref.dll_193EC4CE382CBFB3.mvfrm
[ 714/1329  0s] MovedFromExtractor-Combine Library/Bee/artifacts/1900b0aE.dag/UnityEditor.UI.dll.mvfrm
[ 711/1329  0s] Csc Library/Bee/artifacts/1900b0aE.dag/UnityEditor.UI.dll (+2 others) [CacheHit af9c4b03f41d6a87f11e5523272a58f500000000000000000000000000000006]
[ 715/1329  0s] Csc Library/Bee/artifacts/1900b0aE.dag/UnityEditor.UI.dll (+2 others)
[ 717/1329  0s] MovedFromExtractor Library/Bee/artifacts/mvdfrm/UnityEditor.UI.ref.dll_4C98D3F7040CD4F5.mvfrm
[ 718/1329  0s] MovedFromExtractor-Combine Library/Bee/artifacts/1900b0aE.dag/Unity.2D.Tilemap.Editor.dll.mvfrm
[ 719/1329  0s] MovedFromExtractor-Combine Library/Bee/artifacts/1900b0aE.dag/Unity.Burst.dll.mvfrm
[ 720/1329  0s] MovedFromExtractor-Combine Library/Bee/artifacts/1900b0aE.dag/Unity.InternalAPIEngineBridge.001.dll.mvfrm
[ 721/1329  0s] MovedFromExtractor-Combine Library/Bee/artifacts/1900b0aE.dag/Unity.ProBuilder.Poly2Tri.dll.mvfrm
[ 722/1329  0s] MovedFromExtractor-Combine Library/Bee/artifacts/1900b0aE.dag/Unity.2D.Common.Path.Editor.dll.mvfrm
[ 723/1329  0s] MovedFromExtractor-Combine Library/Bee/artifacts/1900b0aE.dag/Unity.Timeline.dll.mvfrm
[ 724/1329  0s] MovedFromExtractor-Combine Library/Bee/artifacts/1900b0aE.dag/Unity.InternalAPIEngineBridge.004.dll.mvfrm
[ 725/1329  0s] MovedFromExtractor-Combine Library/Bee/artifacts/1900b0aE.dag/Unity.InternalAPIEditorBridge.ShaderGraph.Editor.dll.mvfrm
[ 726/1329  0s] MovedFromExtractor-Combine Library/Bee/artifacts/1900b0aE.dag/Unity.Settings.Editor.dll.mvfrm
[ 727/1329  0s] MovedFromExtractor-Combine Library/Bee/artifacts/1900b0aE.dag/Unity.Mathematics.dll.mvfrm
[ 728/1329  0s] MovedFromExtractor-Combine Library/Bee/artifacts/1900b0aE.dag/Unity.InputSystem.dll.mvfrm
[ 729/1329  0s] MovedFromExtractor-Combine Library/Bee/artifacts/1900b0aE.dag/Unity.2D.Sprite.Editor.dll.mvfrm
[ 730/1329  0s] MovedFromExtractor-Combine Library/Bee/artifacts/1900b0aE.dag/Unity.ShaderGraph.Utilities.dll.mvfrm
[ 731/1329  0s] MovedFromExtractor-Combine Library/Bee/artifacts/1900b0aE.dag/Unity.InternalAPIEngineBridge.RenderPipelines.Core.Runtime.Shared.dll.mvfrm
[ 732/1329  0s] MovedFromExtractor-Combine Library/Bee/artifacts/1900b0aE.dag/Unity.Searcher.Editor.dll.mvfrm
[ 733/1329  0s] MovedFromExtractor-Combine Library/Bee/artifacts/1900b0aE.dag/Unity.ProBuilder.KdTree.dll.mvfrm
[ 729/1329  0s] Csc Library/Bee/artifacts/1900b0aE.dag/Unity.Burst.dll (+2 others) [CacheHit 42beaa1c227cb71e5aa69cef8c604b2c00000000000000000000000000000006]
[ 734/1329  0s] Csc Library/Bee/artifacts/1900b0aE.dag/Unity.Burst.dll (+2 others)
[ 730/1329  0s] Csc Library/Bee/artifacts/1900b0aE.dag/Unity.2D.Tilemap.Editor.dll (+2 others) [CacheHit bbed72af4ebd78a99c8be847431720fd00000000000000000000000000000006]
[ 736/1329  0s] Csc Library/Bee/artifacts/1900b0aE.dag/Unity.2D.Tilemap.Editor.dll (+2 others)
[ 731/1329  0s] Csc Library/Bee/artifacts/1900b0aE.dag/Unity.ProBuilder.Poly2Tri.dll (+2 others) [CacheHit af8bba665a55f9005a467f4d06c8feae00000000000000000000000000000006]
[ 738/1329  0s] Csc Library/Bee/artifacts/1900b0aE.dag/Unity.ProBuilder.Poly2Tri.dll (+2 others)
[ 732/1329  0s] Csc Library/Bee/artifacts/1900b0aE.dag/Unity.InternalAPIEngineBridge.001.dll (+2 others) [CacheHit 18dfd438cfe61c38a38ee895adc1acbd00000000000000000000000000000006]
[ 740/1329  0s] Csc Library/Bee/artifacts/1900b0aE.dag/Unity.InternalAPIEngineBridge.001.dll (+2 others)
[ 733/1329  0s] Csc Library/Bee/artifacts/1900b0aE.dag/Unity.Timeline.dll (+2 others) [CacheHit 24a0bffa595ca7f8914bcf666239215000000000000000000000000000000006]
[ 742/1329  0s] Csc Library/Bee/artifacts/1900b0aE.dag/Unity.Timeline.dll (+2 others)
[ 734/1329  0s] Csc Library/Bee/artifacts/1900b0aE.dag/Unity.InternalAPIEditorBridge.ShaderGraph.Editor.dll (+2 others) [CacheHit bfeb8f95c5b63e68ae6a69c37a4c9c7200000000000000000000000000000006]
[ 744/1329  0s] Csc Library/Bee/artifacts/1900b0aE.dag/Unity.InternalAPIEditorBridge.ShaderGraph.Editor.dll (+2 others)
[ 735/1329  0s] Csc Library/Bee/artifacts/1900b0aE.dag/Unity.InputSystem.dll (+2 others) [CacheHit 6de2c6b730135e665ce5c49207db7bff00000000000000000000000000000006]
[ 746/1329  0s] Csc Library/Bee/artifacts/1900b0aE.dag/Unity.InputSystem.dll (+2 others)
[ 736/1329  0s] Csc Library/Bee/artifacts/1900b0aE.dag/Unity.InternalAPIEngineBridge.004.dll (+2 others) [CacheHit f7763c2fa88483ff650f757ec59d2a8b00000000000000000000000000000006]
[ 748/1329  0s] Csc Library/Bee/artifacts/1900b0aE.dag/Unity.InternalAPIEngineBridge.004.dll (+2 others)
[ 737/1329  0s] Csc Library/Bee/artifacts/1900b0aE.dag/Unity.2D.Sprite.Editor.dll (+2 others) [CacheHit 5eef6b9834c9ddae84edc64496cd835200000000000000000000000000000006]
[ 750/1329  0s] Csc Library/Bee/artifacts/1900b0aE.dag/Unity.2D.Sprite.Editor.dll (+2 others)
[ 738/1329  0s] Csc Library/Bee/artifacts/1900b0aE.dag/Unity.Settings.Editor.dll (+2 others) [CacheHit 629c4fe69bdd14e04d0c7f00b4352d0700000000000000000000000000000006]
[ 752/1329  0s] Csc Library/Bee/artifacts/1900b0aE.dag/Unity.Settings.Editor.dll (+2 others)
[ 739/1329  0s] Csc Library/Bee/artifacts/1900b0aE.dag/Unity.2D.Common.Path.Editor.dll (+2 others) [CacheHit 2fbf5f41024ffced6d7617a8ec7f6b0500000000000000000000000000000006]
[ 754/1329  0s] Csc Library/Bee/artifacts/1900b0aE.dag/Unity.2D.Common.Path.Editor.dll (+2 others)
[ 740/1329  0s] Csc Library/Bee/artifacts/1900b0aE.dag/Unity.InternalAPIEngineBridge.RenderPipelines.Core.Runtime.Shared.dll (+2 others) [CacheHit e85a4b125f1c0362bd3b503d41477e1000000000000000000000000000000006]
[ 756/1329  0s] Csc Library/Bee/artifacts/1900b0aE.dag/Unity.InternalAPIEngineBridge.RenderPipelines.Core.Runtime.Shared.dll (+2 others)
[ 741/1329  0s] Csc Library/Bee/artifacts/1900b0aE.dag/Unity.Mathematics.dll (+2 others) [CacheHit dbdd86bcb75240f23a23f99903c9f99000000000000000000000000000000006]
[ 758/1329  0s] Csc Library/Bee/artifacts/1900b0aE.dag/Unity.Mathematics.dll (+2 others)
[ 742/1329  0s] Csc Library/Bee/artifacts/1900b0aE.dag/Unity.Searcher.Editor.dll (+2 others) [CacheHit 509e101b9cb20219581473f8bbad435000000000000000000000000000000006]
[ 760/1329  0s] Csc Library/Bee/artifacts/1900b0aE.dag/Unity.Searcher.Editor.dll (+2 others)
[ 743/1329  0s] Csc Library/Bee/artifacts/1900b0aE.dag/Unity.ShaderGraph.Utilities.dll (+2 others) [CacheHit 43e07f04fb737aaf36c71faa827a168500000000000000000000000000000006]
[ 762/1329  0s] Csc Library/Bee/artifacts/1900b0aE.dag/Unity.ShaderGraph.Utilities.dll (+2 others)
[ 744/1329  0s] Csc Library/Bee/artifacts/1900b0aE.dag/Unity.ProBuilder.KdTree.dll (+2 others) [CacheHit 55f3656b4bf28d54a0c667d75e746c4f00000000000000000000000000000006]
[ 764/1329  0s] Csc Library/Bee/artifacts/1900b0aE.dag/Unity.ProBuilder.KdTree.dll (+2 others)
[ 766/1329  0s] MovedFromExtractor Library/Bee/artifacts/mvdfrm/Unity.Burst.ref.dll_F30DFA20C0DD1968.mvfrm
[ 767/1329  0s] MovedFromExtractor Library/Bee/artifacts/mvdfrm/Unity.ProBuilder.Poly2Tri.ref.dll_F659D8D16DE80D7D.mvfrm
[ 768/1329  0s] MovedFromExtractor-Combine Library/Bee/artifacts/1900b0aE.dag/Unity.ProBuilder.AssetIdRemapUtility.dll.mvfrm
[ 769/1329  0s] MovedFromExtractor Library/Bee/artifacts/mvdfrm/Unity.InternalAPIEngineBridge.001.ref.dll_B4F0ACC15A996E43.mvfrm
[ 770/1329  0s] MovedFromExtractor Library/Bee/artifacts/mvdfrm/Unity.Timeline.ref.dll_621CDDF9C514DF8F.mvfrm
[ 771/1329  0s] MovedFromExtractor Library/Bee/artifacts/mvdfrm/Unity.InternalAPIEditorBridge.ShaderGraph.Editor.ref.dll_F96C86A2A70A815B.mvfrm
[ 772/1329  0s] MovedFromExtractor-Combine Library/Bee/artifacts/1900b0aE.dag/Unity.ProBuilder.Csg.dll.mvfrm
[ 773/1329  0s] MovedFromExtractor Library/Bee/artifacts/mvdfrm/Unity.ShaderGraph.Utilities.ref.dll_0524057423981A9D.mvfrm
[ 774/1329  0s] MovedFromExtractor Library/Bee/artifacts/mvdfrm/Unity.InternalAPIEngineBridge.004.ref.dll_9F91F1CFF2D20E26.mvfrm
[ 775/1329  0s] MovedFromExtractor Library/Bee/artifacts/mvdfrm/Unity.Mathematics.ref.dll_E8EFDB1B8D5C174E.mvfrm
[ 776/1329  0s] MovedFromExtractor Library/Bee/artifacts/mvdfrm/Unity.InputSystem.ref.dll_FD2EC87C14EBE081.mvfrm
[ 777/1329  0s] MovedFromExtractor Library/Bee/artifacts/mvdfrm/Unity.2D.Sprite.Editor.ref.dll_DDBAA27A82CE9E28.mvfrm
[ 778/1329  0s] MovedFromExtractor Library/Bee/artifacts/mvdfrm/Unity.Searcher.Editor.ref.dll_12B7E1785E41BE0E.mvfrm
[ 779/1329  0s] MovedFromExtractor Library/Bee/artifacts/mvdfrm/Unity.ProBuilder.KdTree.ref.dll_4D920020B3EACDAF.mvfrm
[ 780/1329  0s] MovedFromExtractor-Combine Library/Bee/artifacts/1900b0aE.dag/Unity.ProBuilder.Stl.dll.mvfrm
[ 781/1329  0s] MovedFromExtractor Library/Bee/artifacts/mvdfrm/Unity.InternalAPIEngineBridge.RenderPipelines.Core.Runtime.Shared.ref.dll_5653DD95D72A0F49.mvfrm
[ 761/1329  0s] Csc Library/Bee/artifacts/1900b0aE.dag/Unity.ProBuilder.AssetIdRemapUtility.dll (+2 others) [CacheHit feb3248759629a0c8a4d8a65170a66a300000000000000000000000000000006]
[ 782/1329  0s] Csc Library/Bee/artifacts/1900b0aE.dag/Unity.ProBuilder.AssetIdRemapUtility.dll (+2 others)
[ 762/1329  0s] Csc Library/Bee/artifacts/1900b0aE.dag/Unity.ProBuilder.Csg.dll (+2 others) [CacheHit 7c36fa1bd18bd958f12310d58f741db700000000000000000000000000000006]
[ 784/1329  0s] Csc Library/Bee/artifacts/1900b0aE.dag/Unity.ProBuilder.Csg.dll (+2 others)
[ 763/1329  0s] Csc Library/Bee/artifacts/1900b0aE.dag/Unity.ProBuilder.Stl.dll (+2 others) [CacheHit b68ff21beb0460406cbf7f4fea4ec03f00000000000000000000000000000006]
[ 786/1329  0s] Csc Library/Bee/artifacts/1900b0aE.dag/Unity.ProBuilder.Stl.dll (+2 others)
[ 788/1329  0s] MovedFromExtractor-Combine Library/Bee/artifacts/1900b0aE.dag/Unity.Burst.Editor.dll.mvfrm
[ 789/1329  0s] MovedFromExtractor-Combine Library/Bee/artifacts/1900b0aE.dag/Unity.Timeline.Editor.dll.mvfrm
[ 790/1329  0s] MovedFromExtractor-Combine Library/Bee/artifacts/1900b0aE.dag/Unity.Burst.CodeGen.dll.mvfrm
[ 791/1329  0s] MovedFromExtractor Library/Bee/artifacts/mvdfrm/Unity.2D.Tilemap.Editor.ref.dll_436C0E2610862891.mvfrm
[ 792/1329  0s] MovedFromExtractor Library/Bee/artifacts/mvdfrm/Unity.2D.Common.Path.Editor.ref.dll_011CCB039EE5F887.mvfrm
[ 793/1329  0s] MovedFromExtractor-Combine Library/Bee/artifacts/1900b0aE.dag/Unity.VisualEffectGraph.Runtime.dll.mvfrm
[ 794/1329  0s] MovedFromExtractor-Combine Library/Bee/artifacts/1900b0aE.dag/Unity.InternalAPIEditorBridge.001.dll.mvfrm
[ 795/1329  0s] MovedFromExtractor Library/Bee/artifacts/mvdfrm/Unity.Settings.Editor.ref.dll_7F5B154C05A780B0.mvfrm
[ 796/1329  0s] MovedFromExtractor-Combine Library/Bee/artifacts/1900b0aE.dag/Unity.Collections.dll.mvfrm
[ 797/1329  0s] MovedFromExtractor-Combine Library/Bee/artifacts/1900b0aE.dag/Unity.VisualScripting.Core.dll.mvfrm
[ 798/1329  0s] MovedFromExtractor-Combine Library/Bee/artifacts/1900b0aE.dag/Unity.TextMeshPro.dll.mvfrm
[ 799/1329  0s] MovedFromExtractor-Combine Library/Bee/artifacts/1900b0aE.dag/Unity.Mathematics.Editor.dll.mvfrm
[ 800/1329  0s] MovedFromExtractor-Combine Library/Bee/artifacts/1900b0aE.dag/Unity.Splines.dll.mvfrm
[ 777/1329  0s] Csc Library/Bee/artifacts/1900b0aE.dag/Unity.Burst.Editor.dll (+2 others) [CacheHit d69bcd05935863584615809c1e5464d000000000000000000000000000000006]
[ 801/1329  0s] Csc Library/Bee/artifacts/1900b0aE.dag/Unity.Burst.Editor.dll (+2 others)
[ 803/1329  0s] MovedFromExtractor Library/Bee/artifacts/mvdfrm/Unity.ProBuilder.AssetIdRemapUtility.ref.dll_A186D6143F9C679C.mvfrm
[ 779/1329  0s] Csc Library/Bee/artifacts/1900b0aE.dag/Unity.Burst.CodeGen.dll (+2 others) [CacheHit dddc52d64cf6dd917cd3cbda2b07b58e00000000000000000000000000000006]
[ 804/1329  0s] Csc Library/Bee/artifacts/1900b0aE.dag/Unity.Burst.CodeGen.dll (+2 others)
[ 780/1329  0s] Csc Library/Bee/artifacts/1900b0aE.dag/Unity.Timeline.Editor.dll (+2 others) [CacheHit f8d3e6c689362fbcd63bfada0bf13e8600000000000000000000000000000006]
[ 806/1329  0s] Csc Library/Bee/artifacts/1900b0aE.dag/Unity.Timeline.Editor.dll (+2 others)
[ 781/1329  0s] Csc Library/Bee/artifacts/1900b0aE.dag/Unity.VisualEffectGraph.Runtime.dll (+2 others) [CacheHit 078e1ed7f6d66a00e0a6710e8c44939900000000000000000000000000000006]
[ 808/1329  0s] Csc Library/Bee/artifacts/1900b0aE.dag/Unity.VisualEffectGraph.Runtime.dll (+2 others)
[ 782/1329  0s] Csc Library/Bee/artifacts/1900b0aE.dag/Unity.InternalAPIEditorBridge.001.dll (+2 others) [CacheHit d4424d90bb7d74222879bc10c1d6867f00000000000000000000000000000006]
[ 810/1329  0s] Csc Library/Bee/artifacts/1900b0aE.dag/Unity.InternalAPIEditorBridge.001.dll (+2 others)
[ 812/1329  0s] MovedFromExtractor Library/Bee/artifacts/mvdfrm/Unity.ProBuilder.Csg.ref.dll_1438A2D2654458F5.mvfrm
[ 784/1329  0s] Csc Library/Bee/artifacts/1900b0aE.dag/Unity.VisualScripting.Core.dll (+2 others) [CacheHit 609a6bb83924317db37d4d39e6d7c23b00000000000000000000000000000006]
[ 813/1329  0s] Csc Library/Bee/artifacts/1900b0aE.dag/Unity.VisualScripting.Core.dll (+2 others)
[ 785/1329  0s] Csc Library/Bee/artifacts/1900b0aE.dag/Unity.Mathematics.Editor.dll (+2 others) [CacheHit 0fb1b4a14932a7c7d3d290b0c062261f00000000000000000000000000000006]
[ 815/1329  0s] Csc Library/Bee/artifacts/1900b0aE.dag/Unity.Mathematics.Editor.dll (+2 others)
[ 786/1329  0s] Csc Library/Bee/artifacts/1900b0aE.dag/Unity.Collections.dll (+2 others) [CacheHit 724ba56f24c39affb8dff6e75ad6971600000000000000000000000000000006]
[ 817/1329  0s] Csc Library/Bee/artifacts/1900b0aE.dag/Unity.Collections.dll (+2 others)
[ 787/1329  0s] Csc Library/Bee/artifacts/1900b0aE.dag/Unity.TextMeshPro.dll (+2 others) [CacheHit 8935095ecae1d20462cacd294673330c00000000000000000000000000000006]
[ 819/1329  0s] Csc Library/Bee/artifacts/1900b0aE.dag/Unity.TextMeshPro.dll (+2 others)
[ 788/1329  0s] Csc Library/Bee/artifacts/1900b0aE.dag/Unity.Splines.dll (+2 others) [CacheHit 98a2e46e0ba2097ea6718bedc22a152a00000000000000000000000000000006]
[ 821/1329  0s] Csc Library/Bee/artifacts/1900b0aE.dag/Unity.Splines.dll (+2 others)
[ 823/1329  0s] MovedFromExtractor Library/Bee/artifacts/mvdfrm/Unity.ProBuilder.Stl.ref.dll_7CA0FF1D9D3440F9.mvfrm
[ 824/1329  0s] MovedFromExtractor-Combine Library/Bee/artifacts/1900b0aE.dag/Unity.2D.Aseprite.Common.dll.mvfrm
[ 825/1329  0s] MovedFromExtractor-Combine Library/Bee/artifacts/1900b0aE.dag/Unity.2D.Tilemap.Extras.dll.mvfrm
[ 826/1329  0s] MovedFromExtractor-Combine Library/Bee/artifacts/1900b0aE.dag/Unity.Multiplayer.Center.Common.dll.mvfrm
[ 827/1329  0s] MovedFromExtractor Library/Bee/artifacts/mvdfrm/Unity.Burst.Editor.ref.dll_E2F92DAB6C167CC9.mvfrm
[ 828/1329  0s] MovedFromExtractor-Combine Library/Bee/artifacts/1900b0aE.dag/SRP.F03.Runtime.dll.mvfrm
[ 829/1329  0s] MovedFromExtractor-Combine Library/Bee/artifacts/1900b0aE.dag/PsdPlugin.dll.mvfrm
[ 796/1329  0s] Csc Library/Bee/artifacts/1900b0aE.dag/Unity.2D.Tilemap.Extras.dll (+2 others) [CacheHit 1780575fda6c02afc585648f4c30225e00000000000000000000000000000006]
[ 830/1329  0s] Csc Library/Bee/artifacts/1900b0aE.dag/Unity.2D.Tilemap.Extras.dll (+2 others)
[ 797/1329  0s] Csc Library/Bee/artifacts/1900b0aE.dag/Unity.2D.Aseprite.Common.dll (+2 others) [CacheHit 27c87b2eb0e05360fe02c56cb5a4b16f00000000000000000000000000000006]
[ 832/1329  0s] Csc Library/Bee/artifacts/1900b0aE.dag/Unity.2D.Aseprite.Common.dll (+2 others)
[ 834/1329  0s] MovedFromExtractor Library/Bee/artifacts/mvdfrm/Unity.Timeline.Editor.ref.dll_0D3D3C0B73557612.mvfrm
[ 835/1329  0s] MovedFromExtractor Library/Bee/artifacts/mvdfrm/Unity.TextMeshPro.ref.dll_84A4293DBDD182DB.mvfrm
[ 836/1329  0s] MovedFromExtractor Library/Bee/artifacts/mvdfrm/Unity.VisualEffectGraph.Runtime.ref.dll_0736BB02CDA4FDBF.mvfrm
[ 837/1329  0s] MovedFromExtractor-Combine Library/Bee/artifacts/1900b0aE.dag/Unity.PlasticSCM.Editor.dll.mvfrm
[ 838/1329  0s] MovedFromExtractor-Combine Library/Bee/artifacts/1900b0aE.dag/Unity.Rider.Editor.dll.mvfrm
[ 839/1329  0s] MovedFromExtractor Library/Bee/artifacts/mvdfrm/Unity.Collections.ref.dll_656D7410E7809ECD.mvfrm
[ 840/1329  0s] MovedFromExtractor Library/Bee/artifacts/mvdfrm/Unity.InternalAPIEditorBridge.001.ref.dll_C275F416F58A86FE.mvfrm
[ 841/1329  0s] MovedFromExtractor Library/Bee/artifacts/mvdfrm/Unity.Mathematics.Editor.ref.dll_9A20CFD48BC11F43.mvfrm
[ 842/1329  0s] MovedFromExtractor Library/Bee/artifacts/mvdfrm/Unity.Splines.ref.dll_99352414147018AA.mvfrm
[ 843/1329  0s] MovedFromExtractor Library/Bee/artifacts/mvdfrm/Unity.VisualScripting.Core.ref.dll_D75DF4EA1AFE54F4.mvfrm
[ 808/1329  0s] Csc Library/Bee/artifacts/1900b0aE.dag/Unity.Multiplayer.Center.Common.dll (+2 others) [CacheHit 375f3badb53537d76f0c0130ed6af16800000000000000000000000000000006]
[ 844/1329  0s] Csc Library/Bee/artifacts/1900b0aE.dag/Unity.Multiplayer.Center.Common.dll (+2 others)
[ 809/1329  0s] Csc Library/Bee/artifacts/1900b0aE.dag/PsdPlugin.dll (+2 others) [CacheHit 366e6507023fabdd1891f01c44764d5700000000000000000000000000000006]
[ 846/1329  0s] Csc Library/Bee/artifacts/1900b0aE.dag/PsdPlugin.dll (+2 others)
[ 848/1329  0s] MovedFromExtractor-Combine Library/Bee/artifacts/1900b0aE.dag/Unity.VisualStudio.Editor.dll.mvfrm
[ 849/1329  0s] MovedFromExtractor Library/Bee/artifacts/mvdfrm/Unity.2D.Tilemap.Extras.ref.dll_371E356D6F5B6577.mvfrm
[ 850/1329  0s] MovedFromExtractor-Combine Library/Bee/artifacts/1900b0aE.dag/MCPForUnity.Runtime.dll.mvfrm
[ 851/1329  0s] MovedFromExtractor-Combine Library/Bee/artifacts/1900b0aE.dag/Unity.InputSystem.ForUI.dll.mvfrm
[ 852/1329  0s] MovedFromExtractor Library/Bee/artifacts/mvdfrm/Unity.2D.Aseprite.Common.ref.dll_8F79B00F05E033D6.mvfrm
[ 853/1329  0s] MovedFromExtractor-Combine Library/Bee/artifacts/1900b0aE.dag/Unity.RenderPipelines.Universal.Shaders.dll.mvfrm
[ 854/1329  0s] MovedFromExtractor-Combine Library/Bee/artifacts/1900b0aE.dag/Unity.VisualScripting.Core.Editor.dll.mvfrm
[ 855/1329  0s] MovedFromExtractor-Combine Library/Bee/artifacts/1900b0aE.dag/Unity.Collections.CodeGen.dll.mvfrm
[ 856/1329  0s] MovedFromExtractor-Combine Library/Bee/artifacts/1900b0aE.dag/UnityEditor.UI.Analytics.dll.mvfrm
[ 819/1329  0s] Csc Library/Bee/artifacts/1900b0aE.dag/Unity.PlasticSCM.Editor.dll (+2 others) [CacheHit f077dc3450b74a21fb32d5a1b587bc6200000000000000000000000000000006]
[ 857/1329  0s] Csc Library/Bee/artifacts/1900b0aE.dag/Unity.PlasticSCM.Editor.dll (+2 others)
[ 859/1329  0s] MovedFromExtractor-Combine Library/Bee/artifacts/1900b0aE.dag/Unity.UnifiedRayTracing.Runtime.dll.mvfrm
[ 860/1329  0s] MovedFromExtractor-Combine Library/Bee/artifacts/1900b0aE.dag/Unity.RenderPipelines.Core.Runtime.dll.mvfrm
[ 861/1329  0s] MovedFromExtractor-Combine Library/Bee/artifacts/1900b0aE.dag/Unity.2D.Common.Runtime.dll.mvfrm
[ 862/1329  0s] MovedFromExtractor-Combine Library/Bee/artifacts/1900b0aE.dag/Unity.VisualScripting.Flow.dll.mvfrm
[ 863/1329  0s] MovedFromExtractor-Combine Library/Bee/artifacts/1900b0aE.dag/Unity.Splines.Editor.dll.mvfrm
[ 825/1329  0s] Csc Library/Bee/artifacts/1900b0aE.dag/Unity.Collections.CodeGen.dll (+2 others) [CacheHit fa8281892af1c0f3ddd20805050a138500000000000000000000000000000006]
[ 864/1329  0s] Csc Library/Bee/artifacts/1900b0aE.dag/Unity.Collections.CodeGen.dll (+2 others)
[ 826/1329  0s] Csc Library/Bee/artifacts/1900b0aE.dag/Unity.2D.Common.Runtime.dll (+2 others) [CacheHit a1a54b22344818e470a5caedb23d174800000000000000000000000000000006]
[ 866/1329  0s] Csc Library/Bee/artifacts/1900b0aE.dag/Unity.2D.Common.Runtime.dll (+2 others)
[ 827/1329  0s] Csc Library/Bee/artifacts/1900b0aE.dag/Unity.UnifiedRayTracing.Runtime.dll (+2 others) [CacheHit fa15849d7cac5c45910a78cdbb80754600000000000000000000000000000006]
[ 868/1329  0s] Csc Library/Bee/artifacts/1900b0aE.dag/Unity.UnifiedRayTracing.Runtime.dll (+2 others)
[ 828/1329  0s] Csc Library/Bee/artifacts/1900b0aE.dag/Unity.RenderPipelines.Core.Runtime.dll (+2 others) [CacheHit 64a1c5890148ec6b27ce2b76f5766c4a00000000000000000000000000000006]
[ 870/1329  0s] Csc Library/Bee/artifacts/1900b0aE.dag/Unity.RenderPipelines.Core.Runtime.dll (+2 others)
[ 829/1329  0s] Csc Library/Bee/artifacts/1900b0aE.dag/Unity.VisualScripting.Flow.dll (+2 others) [CacheHit b561fc9f9a86dc8e900074f46784a9a500000000000000000000000000000006]
[ 872/1329  0s] Csc Library/Bee/artifacts/1900b0aE.dag/Unity.VisualScripting.Flow.dll (+2 others)
[ 874/1329  0s] MovedFromExtractor-Combine Library/Bee/artifacts/1900b0aE.dag/Unity.2D.Tilemap.Extras.Editor.dll.mvfrm
[ 875/1329  0s] MovedFromExtractor-Combine Library/Bee/artifacts/1900b0aE.dag/Unity.Collections.Editor.dll.mvfrm
[ 832/1329  0s] Csc Library/Bee/artifacts/1900b0aE.dag/Unity.Splines.Editor.dll (+2 others) [CacheHit b87b2e31200710803057849d79d2d23900000000000000000000000000000006]
[ 876/1329  0s] Csc Library/Bee/artifacts/1900b0aE.dag/Unity.Splines.Editor.dll (+2 others)
[ 833/1329  0s] Csc Library/Bee/artifacts/1900b0aE.dag/MCPForUnity.Runtime.dll (+2 others) [CacheHit 1c60871b4c2bf85c5e4125d03ff0064b00000000000000000000000000000006]
[ 878/1329  0s] Csc Library/Bee/artifacts/1900b0aE.dag/MCPForUnity.Runtime.dll (+2 others)
[ 834/1329  0s] Csc Library/Bee/artifacts/1900b0aE.dag/Unity.VisualScripting.Core.Editor.dll (+2 others) [CacheHit edd89126ccf87e476ed7374b1dae20ba00000000000000000000000000000006]
[ 880/1329  0s] Csc Library/Bee/artifacts/1900b0aE.dag/Unity.VisualScripting.Core.Editor.dll (+2 others)
[ 882/1329  0s] MovedFromExtractor-Combine Library/Bee/artifacts/1900b0aE.dag/Unity.Rendering.LightTransport.Editor.dll.mvfrm
[ 883/1329  0s] MovedFromExtractor-Combine Library/Bee/artifacts/1900b0aE.dag/Unity.RenderPipelines.ShaderGraph.ShaderGraphLibrary.dll.mvfrm
[ 884/1329  0s] MovedFromExtractor-Combine Library/Bee/artifacts/1900b0aE.dag/Unity.2D.Tooling.Editor.dll.mvfrm
[ 885/1329  0s] MovedFromExtractor-Combine Library/Bee/artifacts/1900b0aE.dag/Unity.RenderPipelines.Core.ShaderLibrary.dll.mvfrm
[ 886/1329  0s] MovedFromExtractor Library/Bee/artifacts/mvdfrm/Unity.Multiplayer.Center.Common.ref.dll_EE36537354EA42C8.mvfrm
[ 840/1329  0s] Csc Library/Bee/artifacts/1900b0aE.dag/Unity.Rider.Editor.dll (+2 others) [CacheHit 0070cd86361c9592800349fea1cc09be00000000000000000000000000000006]
[ 887/1329  0s] Csc Library/Bee/artifacts/1900b0aE.dag/Unity.Rider.Editor.dll (+2 others)
[ 841/1329  0s] Csc Library/Bee/artifacts/1900b0aE.dag/Unity.VisualStudio.Editor.dll (+2 others) [CacheHit f31db1e06b3deeca80d5ab69703a6d4d00000000000000000000000000000006]
[ 889/1329  0s] Csc Library/Bee/artifacts/1900b0aE.dag/Unity.VisualStudio.Editor.dll (+2 others)
[ 842/1329  0s] Csc Library/Bee/artifacts/1900b0aE.dag/Unity.Collections.Editor.dll (+2 others) [CacheHit b746d11073ac3b903f8bb0935a110cfe00000000000000000000000000000006]
[ 891/1329  0s] Csc Library/Bee/artifacts/1900b0aE.dag/Unity.Collections.Editor.dll (+2 others)
[ 843/1329  0s] Csc Library/Bee/artifacts/1900b0aE.dag/Unity.RenderPipelines.ShaderGraph.ShaderGraphLibrary.dll (+2 others) [CacheHit 7b0d55cbab40791c2ded937f0e2058be00000000000000000000000000000006]
[ 893/1329  0s] Csc Library/Bee/artifacts/1900b0aE.dag/Unity.RenderPipelines.ShaderGraph.ShaderGraphLibrary.dll (+2 others)
[ 844/1329  0s] Csc Library/Bee/artifacts/1900b0aE.dag/Unity.2D.Tooling.Editor.dll (+2 others) [CacheHit 3581cd45a19684fd8b0ce317cc76102200000000000000000000000000000006]
[ 895/1329  0s] Csc Library/Bee/artifacts/1900b0aE.dag/Unity.2D.Tooling.Editor.dll (+2 others)
[ 845/1329  0s] Csc Library/Bee/artifacts/1900b0aE.dag/Unity.Rendering.LightTransport.Editor.dll (+2 others) [CacheHit 14bd5e70075e2e248d98bf5d9d583d4900000000000000000000000000000006]
[ 897/1329  0s] Csc Library/Bee/artifacts/1900b0aE.dag/Unity.Rendering.LightTransport.Editor.dll (+2 others)
[ 846/1329  0s] Csc Library/Bee/artifacts/1900b0aE.dag/Unity.RenderPipelines.Core.ShaderLibrary.dll (+2 others) [CacheHit e0810abfa2c284f5889354d736456e4b00000000000000000000000000000006]
[ 899/1329  0s] Csc Library/Bee/artifacts/1900b0aE.dag/Unity.RenderPipelines.Core.ShaderLibrary.dll (+2 others)
[ 901/1329  0s] MovedFromExtractor Library/Bee/artifacts/mvdfrm/Unity.2D.Common.Runtime.ref.dll_77798F371487C3E9.mvfrm
[ 848/1329  0s] Csc Library/Bee/artifacts/1900b0aE.dag/UnityEditor.UI.Analytics.dll (+2 others) [CacheHit 5c32b2ff159c788ed3450f9bbc20c35c00000000000000000000000000000006]
[ 902/1329  0s] Csc Library/Bee/artifacts/1900b0aE.dag/UnityEditor.UI.Analytics.dll (+2 others)
[ 904/1329  0s] MovedFromExtractor Library/Bee/artifacts/mvdfrm/Unity.VisualScripting.Flow.ref.dll_1E6ED5409D07C9A3.mvfrm
[ 905/1329  0s] MovedFromExtractor Library/Bee/artifacts/mvdfrm/Unity.UnifiedRayTracing.Runtime.ref.dll_1311DEF2651EFE0C.mvfrm
[ 851/1329  0s] Csc Library/Bee/artifacts/1900b0aE.dag/Unity.2D.Tilemap.Extras.Editor.dll (+2 others) [CacheHit f4290597c29b8bf1c2d6157224adf56400000000000000000000000000000006]
[ 906/1329  0s] Csc Library/Bee/artifacts/1900b0aE.dag/Unity.2D.Tilemap.Extras.Editor.dll (+2 others)
[ 908/1329  0s] MovedFromExtractor Library/Bee/artifacts/mvdfrm/Unity.Splines.Editor.ref.dll_FBEF939465B2E7A7.mvfrm
[ 909/1329  0s] MovedFromExtractor Library/Bee/artifacts/mvdfrm/Unity.RenderPipelines.Core.Runtime.ref.dll_CE6A42C97D96EB0A.mvfrm
[ 854/1329  0s] Csc Library/Bee/artifacts/1900b0aE.dag/Unity.RenderPipelines.Universal.Shaders.dll (+2 others) [CacheHit dd8106845c006d1eef2770f17b92e4f100000000000000000000000000000006]
[ 910/1329  0s] Csc Library/Bee/artifacts/1900b0aE.dag/Unity.RenderPipelines.Universal.Shaders.dll (+2 others)
[ 912/1329  0s] MovedFromExtractor Library/Bee/artifacts/mvdfrm/Unity.VisualScripting.Core.Editor.ref.dll_EDC8690F57C5BDFD.mvfrm
[ 856/1329  0s] Csc Library/Bee/artifacts/1900b0aE.dag/Unity.InputSystem.ForUI.dll (+2 others) [CacheHit 4b34092465c2604e0505895537874a9a00000000000000000000000000000006]
[ 913/1329  0s] Csc Library/Bee/artifacts/1900b0aE.dag/Unity.InputSystem.ForUI.dll (+2 others)
[ 915/1329  0s] MovedFromExtractor-Combine Library/Bee/artifacts/1900b0aE.dag/Unity.Multiplayer.Center.Editor.dll.mvfrm
[ 916/1329  0s] MovedFromExtractor-Combine Library/Bee/artifacts/1900b0aE.dag/SRP.F03.Editor.dll.mvfrm
[ 917/1329  0s] MovedFromExtractor Library/Bee/artifacts/mvdfrm/Unity.PlasticSCM.Editor.ref.dll_257AEB342BE77856.mvfrm
[ 918/1329  0s] ILPP-Configuration Library/ilpp-configuration.nevergeneratedoutput
[ 919/1329  0s] MovedFromExtractor-Combine Library/Bee/artifacts/1900b0aE.dag/MCPForUnity.Editor.dll.mvfrm
[ 920/1329  0s] MovedFromExtractor-Combine Library/Bee/artifacts/1900b0aE.dag/Unity.2D.SpriteShape.Runtime.dll.mvfrm
[ 921/1329  0s] MovedFromExtractor-Combine Library/Bee/artifacts/1900b0aE.dag/Unity.2D.Common.Editor.dll.mvfrm
[ 922/1329  0s] MovedFromExtractor-Combine Library/Bee/artifacts/1900b0aE.dag/Unity.PerformanceTesting.dll.mvfrm
[ 923/1329  0s] MovedFromExtractor-Combine Library/Bee/artifacts/1900b0aE.dag/Unity.VisualScripting.State.dll.mvfrm
[ 924/1329  0s] MovedFromExtractor Library/Bee/artifacts/mvdfrm/Unity.2D.Tilemap.Extras.Editor.ref.dll_8DA00406C36CC6AA.mvfrm
[ 925/1329  0s] MovedFromExtractor-Combine Library/Bee/artifacts/1900b0aE.dag/Unity.2D.Triangulation.Runtime.dll.mvfrm
[ 926/1329  0s] MovedFromExtractor-Combine Library/Bee/artifacts/1900b0aE.dag/Unity.RenderPipeline.Universal.ShaderLibrary.dll.mvfrm
[ 927/1329  0s] MovedFromExtractor-Combine Library/Bee/artifacts/1900b0aE.dag/Unity.PathTracing.Runtime.dll.mvfrm
[ 928/1329  0s] MovedFromExtractor-Combine Library/Bee/artifacts/1900b0aE.dag/Unity.RenderPipelines.GPUDriven.Runtime.dll.mvfrm
[ 929/1329  0s] MovedFromExtractor-Combine Library/Bee/artifacts/1900b0aE.dag/Unity.RenderPipelines.Core.Runtime.Shared.dll.mvfrm
[ 872/1329  0s] Csc Library/Bee/artifacts/1900b0aE.dag/Unity.2D.SpriteShape.Runtime.dll (+2 others) [CacheHit b1beaf8136aa8bd923f6a3bf2558e72600000000000000000000000000000006]
[ 930/1329  0s] Csc Library/Bee/artifacts/1900b0aE.dag/Unity.2D.SpriteShape.Runtime.dll (+2 others)
[ 873/1329  0s] Csc Library/Bee/artifacts/1900b0aE.dag/Unity.Multiplayer.Center.Editor.dll (+2 others) [CacheHit 0a3340fe743f7ad341b9a24eb9d8609d00000000000000000000000000000006]
[ 932/1329  0s] Csc Library/Bee/artifacts/1900b0aE.dag/Unity.Multiplayer.Center.Editor.dll (+2 others)
[ 874/1329  0s] Csc Library/Bee/artifacts/1900b0aE.dag/Unity.2D.Common.Editor.dll (+2 others) [CacheHit 218b25cac55e99465aba0b63e5b0c56b00000000000000000000000000000006]
[ 934/1329  0s] Csc Library/Bee/artifacts/1900b0aE.dag/Unity.2D.Common.Editor.dll (+2 others)
[ 936/1329  0s] MovedFromExtractor-Combine Library/Bee/artifacts/1900b0aE.dag/Unity.RenderPipelines.Universal.Config.Runtime.dll.mvfrm
[ 876/1329  0s] Csc Library/Bee/artifacts/1900b0aE.dag/Unity.PerformanceTesting.dll (+2 others) [CacheHit f148e5e9cb646ee88c3190eff567c9ef00000000000000000000000000000006]
[ 937/1329  0s] Csc Library/Bee/artifacts/1900b0aE.dag/Unity.PerformanceTesting.dll (+2 others)
[ 877/1329  0s] Csc Library/Bee/artifacts/1900b0aE.dag/Unity.PathTracing.Runtime.dll (+2 others) [CacheHit 86496f19bc93fa8cbef5e331c7c6ec0800000000000000000000000000000006]
[ 939/1329  0s] Csc Library/Bee/artifacts/1900b0aE.dag/Unity.PathTracing.Runtime.dll (+2 others)
[ 878/1329  0s] Csc Library/Bee/artifacts/1900b0aE.dag/Unity.RenderPipeline.Universal.ShaderLibrary.dll (+2 others) [CacheHit 3bd76594672596c32cd2a1b159ea01ca00000000000000000000000000000006]
[ 941/1329  0s] Csc Library/Bee/artifacts/1900b0aE.dag/Unity.RenderPipeline.Universal.ShaderLibrary.dll (+2 others)
[ 879/1329  0s] Csc Library/Bee/artifacts/1900b0aE.dag/Unity.VisualScripting.State.dll (+2 others) [CacheHit 73dd3bf1cb659af37409849ff5a0acaf00000000000000000000000000000006]
[ 943/1329  0s] Csc Library/Bee/artifacts/1900b0aE.dag/Unity.VisualScripting.State.dll (+2 others)
[ 880/1329  0s] Csc Library/Bee/artifacts/1900b0aE.dag/Unity.2D.Triangulation.Runtime.dll (+2 others) [CacheHit 623263d81284253d15abfb0b85fe651500000000000000000000000000000006]
[ 945/1329  0s] Csc Library/Bee/artifacts/1900b0aE.dag/Unity.2D.Triangulation.Runtime.dll (+2 others)
[ 881/1329  0s] Csc Library/Bee/artifacts/1900b0aE.dag/Unity.RenderPipelines.GPUDriven.Runtime.dll (+2 others) [CacheHit 0c7794f366215a3ce9c5f3ee6d226f8c00000000000000000000000000000006]
[ 947/1329  0s] Csc Library/Bee/artifacts/1900b0aE.dag/Unity.RenderPipelines.GPUDriven.Runtime.dll (+2 others)
[ 882/1329  0s] Csc Library/Bee/artifacts/1900b0aE.dag/Unity.RenderPipelines.Core.Runtime.Shared.dll (+2 others) [CacheHit 2684cc03887d56b13909eed24e00a87700000000000000000000000000000006]
[ 949/1329  0s] Csc Library/Bee/artifacts/1900b0aE.dag/Unity.RenderPipelines.Core.Runtime.Shared.dll (+2 others)
[ 951/1329  0s] MovedFromExtractor-Combine Library/Bee/artifacts/1900b0aE.dag/Unity.VisualScripting.Flow.Editor.dll.mvfrm
[ 952/1329  0s] MovedFromExtractor-Combine Library/Bee/artifacts/1900b0aE.dag/Unity.TextMeshPro.Editor.dll.mvfrm
[ 953/1329  0s] MovedFromExtractor Library/Bee/artifacts/mvdfrm/Unity.Collections.Editor.ref.dll_E4491E98C71DB4B4.mvfrm
[ 886/1329  0s] Csc Library/Bee/artifacts/1900b0aE.dag/Unity.RenderPipelines.Universal.Config.Runtime.dll (+2 others) [CacheHit 8b563eb3274ba56d10bfda5ba217db0a00000000000000000000000000000006]
[ 954/1329  0s] Csc Library/Bee/artifacts/1900b0aE.dag/Unity.RenderPipelines.Universal.Config.Runtime.dll (+2 others)
[ 956/1329  0s] MovedFromExtractor Library/Bee/artifacts/mvdfrm/Unity.RenderPipelines.ShaderGraph.ShaderGraphLibrary.ref.dll_1A2083B43FB0BF18.mvfrm
[ 888/1329  0s] Csc Library/Bee/artifacts/1900b0aE.dag/Unity.TextMeshPro.Editor.dll (+2 others) [CacheHit 5a635b25faa747f09f929b90df96aa7500000000000000000000000000000006]
[ 957/1329  0s] Csc Library/Bee/artifacts/1900b0aE.dag/Unity.TextMeshPro.Editor.dll (+2 others)
[ 889/1329  0s] Csc Library/Bee/artifacts/1900b0aE.dag/Unity.VisualScripting.Flow.Editor.dll (+2 others) [CacheHit 3ee2f0e98dbb14869037360599bb020400000000000000000000000000000006]
[ 959/1329  0s] Csc Library/Bee/artifacts/1900b0aE.dag/Unity.VisualScripting.Flow.Editor.dll (+2 others)
[ 961/1329  0s] MovedFromExtractor Library/Bee/artifacts/mvdfrm/Unity.Multiplayer.Center.Editor.ref.dll_EB1F4B6E56116D4A.mvfrm
[ 962/1329  0s] MovedFromExtractor Library/Bee/artifacts/mvdfrm/Unity.2D.Common.Editor.ref.dll_BD59A5CBF9D52B22.mvfrm
[ 963/1329  0s] MovedFromExtractor Library/Bee/artifacts/mvdfrm/Unity.2D.SpriteShape.Runtime.ref.dll_BCD600250821B9C8.mvfrm
[ 964/1329  0s] MovedFromExtractor Library/Bee/artifacts/mvdfrm/Unity.VisualStudio.Editor.ref.dll_3A975DBA53ABA4AD.mvfrm
[ 965/1329  0s] MovedFromExtractor Library/Bee/artifacts/mvdfrm/Unity.VisualScripting.State.ref.dll_D91762B7076BE462.mvfrm
[ 966/1329  0s] MovedFromExtractor Library/Bee/artifacts/mvdfrm/Unity.RenderPipeline.Universal.ShaderLibrary.ref.dll_5436F99F8BDCED8B.mvfrm
[ 967/1329  0s] MovedFromExtractor Library/Bee/artifacts/mvdfrm/Unity.RenderPipelines.GPUDriven.Runtime.ref.dll_94F5458D7254E99F.mvfrm
[ 968/1329  0s] MovedFromExtractor Library/Bee/artifacts/mvdfrm/Unity.PathTracing.Runtime.ref.dll_A3836DD8411AE5EF.mvfrm
[ 969/1329  0s] MovedFromExtractor Library/Bee/artifacts/mvdfrm/Unity.RenderPipelines.Core.Runtime.Shared.ref.dll_547B576A1A56EABF.mvfrm
[ 970/1329  0s] MovedFromExtractor Library/Bee/artifacts/mvdfrm/Unity.2D.Triangulation.Runtime.ref.dll_8B997CFE6C11A6CB.mvfrm
[ 971/1329  0s] MovedFromExtractor Library/Bee/artifacts/mvdfrm/Unity.Rider.Editor.ref.dll_9B5591808ABA37AF.mvfrm
[ 972/1329  0s] MovedFromExtractor Library/Bee/artifacts/mvdfrm/Unity.RenderPipelines.Universal.Config.Runtime.ref.dll_5D92000A132D4840.mvfrm
[ 973/1329  0s] MovedFromExtractor Library/Bee/artifacts/mvdfrm/Unity.RenderPipelines.Core.ShaderLibrary.ref.dll_7F2C410A434F5518.mvfrm
[ 903/1329  0s] Csc Library/Bee/artifacts/1900b0aE.dag/MCPForUnity.Editor.dll (+2 others) [CacheHit b6f3b7121c9721048eb9f0460894bbda00000000000000000000000000000006]
[ 974/1329  0s] Csc Library/Bee/artifacts/1900b0aE.dag/MCPForUnity.Editor.dll (+2 others)
[ 976/1329  0s] MovedFromExtractor Library/Bee/artifacts/mvdfrm/Unity.TextMeshPro.Editor.ref.dll_159E061D77A10B86.mvfrm
[ 977/1329  0s] MovedFromExtractor Library/Bee/artifacts/mvdfrm/Unity.VisualScripting.Flow.Editor.ref.dll_6AF951BE66A4493E.mvfrm
[ 978/1329  0s] MovedFromExtractor Library/Bee/artifacts/mvdfrm/Unity.InputSystem.ForUI.ref.dll_0478B67D1094CE70.mvfrm
[ 979/1329  0s] MovedFromExtractor-Combine Library/Bee/artifacts/1900b0aE.dag/Unity.2D.SpriteShape.Editor.dll.mvfrm
[ 980/1329  0s] MovedFromExtractor Library/Bee/artifacts/mvdfrm/UnityEditor.UI.Analytics.ref.dll_3B64A5A3A726AD5D.mvfrm
[ 981/1329  0s] MovedFromExtractor Library/Bee/artifacts/mvdfrm/Unity.2D.Tooling.Editor.ref.dll_601B1985B21651B5.mvfrm
[ 982/1329  0s] MovedFromExtractor-Combine Library/Bee/artifacts/1900b0aE.dag/Unity.SurfaceCache.Runtime.dll.mvfrm
[ 983/1329  0s] MovedFromExtractor Library/Bee/artifacts/mvdfrm/Unity.Rendering.LightTransport.Editor.ref.dll_F96E2A343514CFAE.mvfrm
[ 984/1329  0s] MovedFromExtractor Library/Bee/artifacts/mvdfrm/Unity.RenderPipelines.Universal.Shaders.ref.dll_9468B054363B0720.mvfrm
[ 985/1329  0s] MovedFromExtractor Library/Bee/artifacts/mvdfrm/Unity.PerformanceTesting.ref.dll_F99DC928B1D72E5E.mvfrm
[ 986/1329  0s] MovedFromExtractor-Combine Library/Bee/artifacts/1900b0aE.dag/Unity.PathTracing.Editor.dll.mvfrm
[ 987/1329  0s] MovedFromExtractor-Combine Library/Bee/artifacts/1900b0aE.dag/Unity.VisualScripting.DocCodeExamples.dll.mvfrm
[ 916/1329  0s] Csc Library/Bee/artifacts/1900b0aE.dag/Unity.2D.SpriteShape.Editor.dll (+2 others) [CacheHit f4b1d7dff06c217d9a0b1f7cecddec9f00000000000000000000000000000006]
[ 988/1329  0s] Csc Library/Bee/artifacts/1900b0aE.dag/Unity.2D.SpriteShape.Editor.dll (+2 others)
[ 990/1329  0s] MovedFromExtractor-Combine Library/Bee/artifacts/1900b0aE.dag/Unity.InputSystem.DocCodeSamples.dll.mvfrm
[ 991/1329  0s] MovedFromExtractor-Combine Library/Bee/artifacts/1900b0aE.dag/SRP.F03.PlayModeTests.dll.mvfrm
[ 992/1329  0s] MovedFromExtractor-Combine Library/Bee/artifacts/1900b0aE.dag/Unity.InputSystem.TestFramework.dll.mvfrm
[ 993/1329  0s] MovedFromExtractor-Combine Library/Bee/artifacts/1900b0aE.dag/Unity.VisualScripting.State.Editor.dll.mvfrm
[ 994/1329  0s] MovedFromExtractor-Combine Library/Bee/artifacts/1900b0aE.dag/ScriptablePacker.dll.mvfrm
[ 995/1329  0s] MovedFromExtractor-Combine Library/Bee/artifacts/1900b0aE.dag/Unity.PlasticSCM.Editor.Entities.dll.mvfrm
[ 996/1329  0s] MovedFromExtractor-Combine Library/Bee/artifacts/1900b0aE.dag/Unity.VisualScripting.SettingsProvider.Editor.dll.mvfrm
[ 924/1329  0s] Csc Library/Bee/artifacts/1900b0aE.dag/Unity.PathTracing.Editor.dll (+2 others) [CacheHit d30f6e1a5ccd1301cc4c74b24768472900000000000000000000000000000006]
[ 997/1329  0s] Csc Library/Bee/artifacts/1900b0aE.dag/Unity.PathTracing.Editor.dll (+2 others)
[ 925/1329  0s] Csc Library/Bee/artifacts/1900b0aE.dag/Unity.SurfaceCache.Runtime.dll (+2 others) [CacheHit 25557fe6c1cb1f5c0a9ed72a996f1af500000000000000000000000000000006]
[ 999/1329  0s] Csc Library/Bee/artifacts/1900b0aE.dag/Unity.SurfaceCache.Runtime.dll (+2 others)
[ 926/1329  0s] Csc Library/Bee/artifacts/1900b0aE.dag/Unity.VisualScripting.DocCodeExamples.dll (+2 others) [CacheHit 875b6a2725e57ee9a6eb8717ba68df9c00000000000000000000000000000006]
[1001/1329  0s] Csc Library/Bee/artifacts/1900b0aE.dag/Unity.VisualScripting.DocCodeExamples.dll (+2 others)
[1003/1329  0s] MovedFromExtractor-Combine Library/Bee/artifacts/1900b0aE.dag/SRP.F03.EditModeTests.dll.mvfrm
[1004/1329  0s] MovedFromExtractor-Combine Library/Bee/artifacts/1900b0aE.dag/Unity.PerformanceTesting.Editor.dll.mvfrm
[1005/1329  0s] MovedFromExtractor-Combine Library/Bee/artifacts/1900b0aE.dag/Unity.CollabProxy.Editor.dll.mvfrm
[1006/1329  0s] MovedFromExtractor Library/Bee/artifacts/mvdfrm/Unity.2D.SpriteShape.Editor.ref.dll_1AEEC37E15960FB3.mvfrm
[ 931/1329  0s] Csc Library/Bee/artifacts/1900b0aE.dag/ScriptablePacker.dll (+2 others) [CacheHit e0c6370231313c259a11919880ece04700000000000000000000000000000006]
[1007/1329  0s] Csc Library/Bee/artifacts/1900b0aE.dag/ScriptablePacker.dll (+2 others)
[1009/1329  0s] MovedFromExtractor Library/Bee/artifacts/mvdfrm/Unity.PathTracing.Editor.ref.dll_D122108C09459E7C.mvfrm
[ 933/1329  0s] Csc Library/Bee/artifacts/1900b0aE.dag/Unity.InputSystem.TestFramework.dll (+2 others) [CacheHit 1f31ee1ccc45576024f2c7745714d0d700000000000000000000000000000006]
[1010/1329  0s] Csc Library/Bee/artifacts/1900b0aE.dag/Unity.InputSystem.TestFramework.dll (+2 others)
[ 934/1329  0s] Csc Library/Bee/artifacts/1900b0aE.dag/Unity.PlasticSCM.Editor.Entities.dll (+2 others) [CacheHit b31779a42bf5770536c228abd651963200000000000000000000000000000006]
[1012/1329  0s] Csc Library/Bee/artifacts/1900b0aE.dag/Unity.PlasticSCM.Editor.Entities.dll (+2 others)
[ 935/1329  0s] Csc Library/Bee/artifacts/1900b0aE.dag/Unity.InputSystem.DocCodeSamples.dll (+2 others) [CacheHit 1663cf71497a034ea09f3ca6cd16bb3400000000000000000000000000000006]
[1014/1329  0s] Csc Library/Bee/artifacts/1900b0aE.dag/Unity.InputSystem.DocCodeSamples.dll (+2 others)
[ 936/1329  0s] Csc Library/Bee/artifacts/1900b0aE.dag/Unity.VisualScripting.SettingsProvider.Editor.dll (+2 others) [CacheHit 5c5bc20a63979a1933a3c472f4607c6900000000000000000000000000000006]
[1016/1329  0s] Csc Library/Bee/artifacts/1900b0aE.dag/Unity.VisualScripting.SettingsProvider.Editor.dll (+2 others)
[ 937/1329  0s] Csc Library/Bee/artifacts/1900b0aE.dag/Unity.VisualScripting.State.Editor.dll (+2 others) [CacheHit 4eb37ca46b342b148e38c12fc6ecc8e300000000000000000000000000000006]
[1018/1329  0s] Csc Library/Bee/artifacts/1900b0aE.dag/Unity.VisualScripting.State.Editor.dll (+2 others)
[1020/1329  0s] ILPostProcess Library/Bee/artifacts/1900b0aE.dag/post-processed/Unity.RenderPipelines.Core.Runtime.Shared.dll (+pdb)
Processing assembly Library/Bee/artifacts/1900b0aE.dag/Unity.RenderPipelines.Core.Runtime.Shared.dll, with 139 defines and 288 references

processors: Unity.Jobs.CodeGen.JobsILPostProcessor, zzzUnity.Burst.CodeGen.BurstILPostProcessor

running Unity.Jobs.CodeGen.JobsILPostProcessor

running zzzUnity.Burst.CodeGen.BurstILPostProcessor
[ 939/1329  0s] Csc Library/Bee/artifacts/1900b0aE.dag/Unity.CollabProxy.Editor.dll (+2 others) [CacheHit 19580c5f4e6db41b6b9801954288f88200000000000000000000000000000006]
[1021/1329  0s] Csc Library/Bee/artifacts/1900b0aE.dag/Unity.CollabProxy.Editor.dll (+2 others)
[ 940/1329  0s] Csc Library/Bee/artifacts/1900b0aE.dag/Unity.PerformanceTesting.Editor.dll (+2 others) [CacheHit 504f507ebc18b2c909d7e456d4f1a70200000000000000000000000000000006]
[1023/1329  0s] Csc Library/Bee/artifacts/1900b0aE.dag/Unity.PerformanceTesting.Editor.dll (+2 others)
[1025/1329  0s] ILPostProcess Library/Bee/artifacts/1900b0aE.dag/post-processed/Unity.RenderPipelines.ShaderGraph.ShaderGraphLibrary.dll (+pdb)
Processing assembly Library/Bee/artifacts/1900b0aE.dag/Unity.RenderPipelines.ShaderGraph.ShaderGraphLibrary.dll, with 139 defines and 286 references

processors: Unity.Jobs.CodeGen.JobsILPostProcessor, zzzUnity.Burst.CodeGen.BurstILPostProcessor

running Unity.Jobs.CodeGen.JobsILPostProcessor

running zzzUnity.Burst.CodeGen.BurstILPostProcessor
[1026/1329  0s] MovedFromExtractor Library/Bee/artifacts/mvdfrm/Unity.SurfaceCache.Runtime.ref.dll_1F80B23B2A61B75D.mvfrm
[1027/1329  1s] Csc Library/Bee/artifacts/1900b0aE.dag/SRP.F03.Runtime.dll (+2 others)
[1028/1329  0s] MovedFromExtractor-Combine Library/Bee/artifacts/1900b0aE.dag/Unity.RenderPipelines.Core.Editor.dll.mvfrm
[1029/1329  0s] ILPostProcess Library/Bee/artifacts/1900b0aE.dag/post-processed/Unity.SurfaceCache.Runtime.dll (+pdb)
Processing assembly Library/Bee/artifacts/1900b0aE.dag/Unity.SurfaceCache.Runtime.dll, with 139 defines and 290 references

processors: Unity.Jobs.CodeGen.JobsILPostProcessor, zzzUnity.Burst.CodeGen.BurstILPostProcessor

running Unity.Jobs.CodeGen.JobsILPostProcessor

running zzzUnity.Burst.CodeGen.BurstILPostProcessor
[1030/1329  0s] ILPostProcess Library/Bee/artifacts/1900b0aE.dag/post-processed/Unity.VisualEffectGraph.Runtime.dll (+pdb)
Processing assembly Library/Bee/artifacts/1900b0aE.dag/Unity.VisualEffectGraph.Runtime.dll, with 145 defines and 288 references

processors: Unity.Jobs.CodeGen.JobsILPostProcessor, zzzUnity.Burst.CodeGen.BurstILPostProcessor

running Unity.Jobs.CodeGen.JobsILPostProcessor

running zzzUnity.Burst.CodeGen.BurstILPostProcessor
[1031/1329  0s] ILPostProcess Library/Bee/artifacts/1900b0aE.dag/post-processed/Unity.VisualScripting.DocCodeExamples.dll (+pdb)
Processing assembly Library/Bee/artifacts/1900b0aE.dag/Unity.VisualScripting.DocCodeExamples.dll, with 139 defines and 267 references

processors: Unity.Jobs.CodeGen.JobsILPostProcessor, zzzUnity.Burst.CodeGen.BurstILPostProcessor

running Unity.Jobs.CodeGen.JobsILPostProcessor

running zzzUnity.Burst.CodeGen.BurstILPostProcessor
[1032/1329  0s] MovedFromExtractor Library/Bee/artifacts/mvdfrm/Unity.VisualScripting.SettingsProvider.Editor.ref.dll_A1A44354E0B583A8.mvfrm
[1033/1329  0s] ILPostProcess Library/Bee/artifacts/1900b0aE.dag/post-processed/Unity.InputSystem.dll (+pdb)
Processing assembly Library/Bee/artifacts/1900b0aE.dag/Unity.InputSystem.dll, with 151 defines and 286 references

processors: Unity.Jobs.CodeGen.JobsILPostProcessor, zzzUnity.Burst.CodeGen.BurstILPostProcessor

running Unity.Jobs.CodeGen.JobsILPostProcessor

running zzzUnity.Burst.CodeGen.BurstILPostProcessor
[1034/1329  0s] ILPostProcess Library/Bee/artifacts/1900b0aE.dag/post-processed/Unity.TextMeshPro.dll (+pdb)
Processing assembly Library/Bee/artifacts/1900b0aE.dag/Unity.TextMeshPro.dll, with 140 defines and 287 references

processors: Unity.Jobs.CodeGen.JobsILPostProcessor, zzzUnity.Burst.CodeGen.BurstILPostProcessor

running Unity.Jobs.CodeGen.JobsILPostProcessor

running zzzUnity.Burst.CodeGen.BurstILPostProcessor
[1035/1329  0s] ILPostProcess Library/Bee/artifacts/1900b0aE.dag/post-processed/Unity.InputSystem.TestFramework.dll (+pdb)
Processing assembly Library/Bee/artifacts/1900b0aE.dag/Unity.InputSystem.TestFramework.dll, with 140 defines and 266 references

processors: Unity.Jobs.CodeGen.JobsILPostProcessor, zzzUnity.Burst.CodeGen.BurstILPostProcessor

running Unity.Jobs.CodeGen.JobsILPostProcessor

running zzzUnity.Burst.CodeGen.BurstILPostProcessor
[1036/1329  0s] MovedFromExtractor Library/Bee/artifacts/mvdfrm/Unity.VisualScripting.State.Editor.ref.dll_E03858E727F23F6F.mvfrm
[1037/1329  0s] ILPostProcess Library/Bee/artifacts/1900b0aE.dag/post-processed/Unity.PathTracing.Runtime.dll (+pdb)
Processing assembly Library/Bee/artifacts/1900b0aE.dag/Unity.PathTracing.Runtime.dll, with 140 defines and 290 references

processors: Unity.Jobs.CodeGen.JobsILPostProcessor, zzzUnity.Burst.CodeGen.BurstILPostProcessor

running Unity.Jobs.CodeGen.JobsILPostProcessor

running zzzUnity.Burst.CodeGen.BurstILPostProcessor
[1038/1329  0s] ILPostProcess Library/Bee/artifacts/1900b0aE.dag/post-processed/Unity.2D.Common.Runtime.dll (+pdb)
Processing assembly Library/Bee/artifacts/1900b0aE.dag/Unity.2D.Common.Runtime.dll, with 139 defines and 289 references

processors: Unity.Jobs.CodeGen.JobsILPostProcessor, zzzUnity.Burst.CodeGen.BurstILPostProcessor

running Unity.Jobs.CodeGen.JobsILPostProcessor

running zzzUnity.Burst.CodeGen.BurstILPostProcessor
[ 955/1329  0s] Csc Library/Bee/artifacts/1900b0aE.dag/Unity.RenderPipelines.Core.Editor.dll (+2 others) [CacheHit 92c5b928e47f2160ca7f18ba91f7915800000000000000000000000000000006]
[1039/1329  0s] Csc Library/Bee/artifacts/1900b0aE.dag/Unity.RenderPipelines.Core.Editor.dll (+2 others)
[1041/1329  0s] ILPostProcess Library/Bee/artifacts/1900b0aE.dag/post-processed/Unity.VisualScripting.State.dll (+pdb)
Processing assembly Library/Bee/artifacts/1900b0aE.dag/Unity.VisualScripting.State.dll, with 139 defines and 288 references

processors: Unity.Jobs.CodeGen.JobsILPostProcessor, zzzUnity.Burst.CodeGen.BurstILPostProcessor

running Unity.Jobs.CodeGen.JobsILPostProcessor

running zzzUnity.Burst.CodeGen.BurstILPostProcessor
[1042/1329  0s] ILPostProcess Library/Bee/artifacts/1900b0aE.dag/post-processed/Unity.VisualScripting.Core.dll (+pdb)
Processing assembly Library/Bee/artifacts/1900b0aE.dag/Unity.VisualScripting.Core.dll, with 144 defines and 287 references

processors: Unity.Jobs.CodeGen.JobsILPostProcessor, zzzUnity.Burst.CodeGen.BurstILPostProcessor

running Unity.Jobs.CodeGen.JobsILPostProcessor

running zzzUnity.Burst.CodeGen.BurstILPostProcessor
[1043/1329  0s] MovedFromExtractor-Combine Library/Bee/artifacts/1900b0aE.dag/Unity.RenderPipelines.Universal.Runtime.dll.mvfrm
[1044/1329  0s] MovedFromExtractor-Combine Library/Bee/artifacts/1900b0aE.dag/Unity.VisualScripting.Shared.Editor.dll.mvfrm
[1045/1329  0s] MovedFromExtractor Library/Bee/artifacts/mvdfrm/Unity.RenderPipelines.Core.Editor.ref.dll_46EB9B6930B27991.mvfrm
[ 961/1329  0s] Csc Library/Bee/artifacts/1900b0aE.dag/Unity.RenderPipelines.Universal.Runtime.dll (+2 others) [CacheHit 415b76b263db557c7fe061a26fbbc21b00000000000000000000000000000006]
[1046/1329  0s] Csc Library/Bee/artifacts/1900b0aE.dag/Unity.RenderPipelines.Universal.Runtime.dll (+2 others)
[1048/1329  0s] Csc Library/Bee/artifacts/1900b0aE.dag/SRP.F03.PlayModeTests.dll (+2 others)
[1049/1329  0s] ILPostProcess Library/Bee/artifacts/1900b0aE.dag/post-processed/Unity.RenderPipeline.Universal.ShaderLibrary.dll (+pdb)
Processing assembly Library/Bee/artifacts/1900b0aE.dag/Unity.RenderPipeline.Universal.ShaderLibrary.dll, with 139 defines and 287 references

processors: Unity.Jobs.CodeGen.JobsILPostProcessor, zzzUnity.Burst.CodeGen.BurstILPostProcessor

running Unity.Jobs.CodeGen.JobsILPostProcessor

running zzzUnity.Burst.CodeGen.BurstILPostProcessor
[1050/1329  0s] ILPostProcess Library/Bee/artifacts/1900b0aE.dag/post-processed/Unity.ProBuilder.Poly2Tri.dll (+pdb)
Processing assembly Library/Bee/artifacts/1900b0aE.dag/Unity.ProBuilder.Poly2Tri.dll, with 139 defines and 286 references

processors: Unity.Jobs.CodeGen.JobsILPostProcessor, zzzUnity.Burst.CodeGen.BurstILPostProcessor

running Unity.Jobs.CodeGen.JobsILPostProcessor

running zzzUnity.Burst.CodeGen.BurstILPostProcessor
[1051/1329  0s] ILPostProcess Library/Bee/artifacts/1900b0aE.dag/post-processed/Unity.Splines.dll (+pdb)
Processing assembly Library/Bee/artifacts/1900b0aE.dag/Unity.Splines.dll, with 141 defines and 288 references

processors: Unity.Jobs.CodeGen.JobsILPostProcessor, zzzUnity.Burst.CodeGen.BurstILPostProcessor

running Unity.Jobs.CodeGen.JobsILPostProcessor

running zzzUnity.Burst.CodeGen.BurstILPostProcessor
[1052/1329  0s] ILPostProcess Library/Bee/artifacts/1900b0aE.dag/post-processed/Unity.RenderPipelines.Universal.Config.Runtime.dll (+pdb)
Processing assembly Library/Bee/artifacts/1900b0aE.dag/Unity.RenderPipelines.Universal.Config.Runtime.dll, with 139 defines and 287 references

processors: Unity.Jobs.CodeGen.JobsILPostProcessor, zzzUnity.Burst.CodeGen.BurstILPostProcessor

running Unity.Jobs.CodeGen.JobsILPostProcessor

running zzzUnity.Burst.CodeGen.BurstILPostProcessor
[1053/1329  0s] ILPostProcess Library/Bee/artifacts/1900b0aE.dag/post-processed/Unity.InternalAPIEngineBridge.001.dll (+pdb)
Processing assembly Library/Bee/artifacts/1900b0aE.dag/Unity.InternalAPIEngineBridge.001.dll, with 139 defines and 286 references

processors: Unity.Jobs.CodeGen.JobsILPostProcessor, zzzUnity.Burst.CodeGen.BurstILPostProcessor

running Unity.Jobs.CodeGen.JobsILPostProcessor

running zzzUnity.Burst.CodeGen.BurstILPostProcessor
[1054/1329  0s] ILPostProcess Library/Bee/artifacts/1900b0aE.dag/post-processed/Unity.InputSystem.ForUI.dll (+pdb)
Processing assembly Library/Bee/artifacts/1900b0aE.dag/Unity.InputSystem.ForUI.dll, with 139 defines and 287 references

processors: Unity.Jobs.CodeGen.JobsILPostProcessor, zzzUnity.Burst.CodeGen.BurstILPostProcessor

running Unity.Jobs.CodeGen.JobsILPostProcessor

running zzzUnity.Burst.CodeGen.BurstILPostProcessor
[1055/1329  0s] ILPostProcess Library/Bee/artifacts/1900b0aE.dag/post-processed/Unity.RenderPipelines.Universal.Shaders.dll (+pdb)
Processing assembly Library/Bee/artifacts/1900b0aE.dag/Unity.RenderPipelines.Universal.Shaders.dll, with 139 defines and 286 references

processors: Unity.Jobs.CodeGen.JobsILPostProcessor, zzzUnity.Burst.CodeGen.BurstILPostProcessor

running Unity.Jobs.CodeGen.JobsILPostProcessor

running zzzUnity.Burst.CodeGen.BurstILPostProcessor
[1056/1329  0s] ILPostProcess Library/Bee/artifacts/1900b0aE.dag/post-processed/Unity.Burst.dll (+pdb)
Processing assembly Library/Bee/artifacts/1900b0aE.dag/Unity.Burst.dll, with 139 defines and 266 references

processors: Unity.Jobs.CodeGen.JobsILPostProcessor, zzzUnity.Burst.CodeGen.BurstILPostProcessor

running Unity.Jobs.CodeGen.JobsILPostProcessor

running zzzUnity.Burst.CodeGen.BurstILPostProcessor
[1057/1329  0s] ILPostProcess Library/Bee/artifacts/1900b0aE.dag/post-processed/Unity.RenderPipelines.GPUDriven.Runtime.dll (+pdb)
Processing assembly Library/Bee/artifacts/1900b0aE.dag/Unity.RenderPipelines.GPUDriven.Runtime.dll, with 139 defines and 290 references

processors: Unity.Jobs.CodeGen.JobsILPostProcessor, zzzUnity.Burst.CodeGen.BurstILPostProcessor

running Unity.Jobs.CodeGen.JobsILPostProcessor

running zzzUnity.Burst.CodeGen.BurstILPostProcessor
[ 963/1329  0s] Csc Library/Bee/artifacts/1900b0aE.dag/Unity.VisualScripting.Shared.Editor.dll (+2 others) [CacheHit a82fb8a20fe0b1700ec97693514b250600000000000000000000000000000006]
[1058/1329  0s] Csc Library/Bee/artifacts/1900b0aE.dag/Unity.VisualScripting.Shared.Editor.dll (+2 others)
[1060/1329  0s] Csc Library/Bee/artifacts/1900b0aE.dag/SRP.F03.Editor.dll (+2 others)
[1061/1329  0s] ILPostProcess Library/Bee/artifacts/1900b0aE.dag/post-processed/UnityEngine.UI.dll (+pdb)
Processing assembly Library/Bee/artifacts/1900b0aE.dag/UnityEngine.UI.dll, with 145 defines and 284 references

processors: Unity.Jobs.CodeGen.JobsILPostProcessor, zzzUnity.Burst.CodeGen.BurstILPostProcessor

running Unity.Jobs.CodeGen.JobsILPostProcessor

running zzzUnity.Burst.CodeGen.BurstILPostProcessor
[1062/1329  0s] MovedFromExtractor Library/Bee/artifacts/mvdfrm/Unity.RenderPipelines.Universal.Runtime.ref.dll_5400A10AF7CC6BEA.mvfrm
[1063/1329  0s] MovedFromExtractor-Combine Library/Bee/artifacts/1900b0aE.dag/Unity.ShaderGraph.Editor.dll.mvfrm
[1064/1329  0s] MovedFromExtractor Library/Bee/artifacts/mvdfrm/Unity.VisualScripting.Shared.Editor.ref.dll_9669F6EBFF6DFFB7.mvfrm
[1065/1329  0s] MovedFromExtractor-Combine Library/Bee/artifacts/1900b0aE.dag/Unity.RenderPipelines.Core.Editor.Shared.dll.mvfrm
[1066/1329  0s] ILPostProcess Library/Bee/artifacts/1900b0aE.dag/post-processed/Unity.VisualScripting.Flow.dll (+pdb)
Processing assembly Library/Bee/artifacts/1900b0aE.dag/Unity.VisualScripting.Flow.dll, with 147 defines and 288 references

processors: Unity.Jobs.CodeGen.JobsILPostProcessor, zzzUnity.Burst.CodeGen.BurstILPostProcessor

running Unity.Jobs.CodeGen.JobsILPostProcessor

running zzzUnity.Burst.CodeGen.BurstILPostProcessor
[1067/1329  0s] ILPostProcess Library/Bee/artifacts/1900b0aE.dag/post-processed/Unity.ProBuilder.Stl.dll (+pdb)
Processing assembly Library/Bee/artifacts/1900b0aE.dag/Unity.ProBuilder.Stl.dll, with 139 defines and 286 references

processors: Unity.Jobs.CodeGen.JobsILPostProcessor, zzzUnity.Burst.CodeGen.BurstILPostProcessor

running Unity.Jobs.CodeGen.JobsILPostProcessor

running zzzUnity.Burst.CodeGen.BurstILPostProcessor
[1068/1329  0s] ILPostProcess Library/Bee/artifacts/1900b0aE.dag/post-processed/Unity.2D.Tilemap.Extras.dll (+pdb)
Processing assembly Library/Bee/artifacts/1900b0aE.dag/Unity.2D.Tilemap.Extras.dll, with 139 defines and 287 references

processors: Unity.Jobs.CodeGen.JobsILPostProcessor, zzzUnity.Burst.CodeGen.BurstILPostProcessor

running Unity.Jobs.CodeGen.JobsILPostProcessor

running zzzUnity.Burst.CodeGen.BurstILPostProcessor
[1069/1329  0s] ILPostProcess Library/Bee/artifacts/1900b0aE.dag/post-processed/Unity.RenderPipelines.Universal.Runtime.dll (+pdb)
Processing assembly Library/Bee/artifacts/1900b0aE.dag/Unity.RenderPipelines.Universal.Runtime.dll, with 147 defines and 297 references

processors: Unity.Jobs.CodeGen.JobsILPostProcessor, zzzUnity.Burst.CodeGen.BurstILPostProcessor

running Unity.Jobs.CodeGen.JobsILPostProcessor

running zzzUnity.Burst.CodeGen.BurstILPostProcessor
[ 983/1329  0s] Csc Library/Bee/artifacts/1900b0aE.dag/Unity.RenderPipelines.Core.Editor.Shared.dll (+2 others) [CacheHit e93aaf156be649507a0427be4ab9778300000000000000000000000000000006]
[1070/1329  0s] Csc Library/Bee/artifacts/1900b0aE.dag/Unity.RenderPipelines.Core.Editor.Shared.dll (+2 others)
[ 984/1329  0s] Csc Library/Bee/artifacts/1900b0aE.dag/Unity.ShaderGraph.Editor.dll (+2 others) [CacheHit 5cf1eea7b024696a590f76605e28629900000000000000000000000000000006]
[1072/1329  0s] Csc Library/Bee/artifacts/1900b0aE.dag/Unity.ShaderGraph.Editor.dll (+2 others)
[1074/1329  0s] ILPostProcess Library/Bee/artifacts/1900b0aE.dag/post-processed/Unity.UnifiedRayTracing.Runtime.dll (+pdb)
Processing assembly Library/Bee/artifacts/1900b0aE.dag/Unity.UnifiedRayTracing.Runtime.dll, with 140 defines and 289 references

processors: Unity.Jobs.CodeGen.JobsILPostProcessor, zzzUnity.Burst.CodeGen.BurstILPostProcessor

running Unity.Jobs.CodeGen.JobsILPostProcessor

running zzzUnity.Burst.CodeGen.BurstILPostProcessor
[1075/1329  0s] ILPostProcess Library/Bee/artifacts/1900b0aE.dag/post-processed/SRP.F03.Runtime.dll (+pdb)
Processing assembly Library/Bee/artifacts/1900b0aE.dag/SRP.F03.Runtime.dll, with 139 defines and 286 references

processors: Unity.Jobs.CodeGen.JobsILPostProcessor, zzzUnity.Burst.CodeGen.BurstILPostProcessor

running Unity.Jobs.CodeGen.JobsILPostProcessor

running zzzUnity.Burst.CodeGen.BurstILPostProcessor
[1076/1329  0s] ILPostProcess Library/Bee/artifacts/1900b0aE.dag/post-processed/Unity.RenderPipelines.Core.Runtime.dll (+pdb)
Processing assembly Library/Bee/artifacts/1900b0aE.dag/Unity.RenderPipelines.Core.Runtime.dll, with 143 defines and 290 references

processors: Unity.Jobs.CodeGen.JobsILPostProcessor, zzzUnity.Burst.CodeGen.BurstILPostProcessor

running Unity.Jobs.CodeGen.JobsILPostProcessor

running zzzUnity.Burst.CodeGen.BurstILPostProcessor
[1077/1329  0s] ILPostProcess Library/Bee/artifacts/1900b0aE.dag/post-processed/Unity.InternalAPIEngineBridge.RenderPipelines.Core.Runtime.Shared.dll (+pdb)
Processing assembly Library/Bee/artifacts/1900b0aE.dag/Unity.InternalAPIEngineBridge.RenderPipelines.Core.Runtime.Shared.dll, with 139 defines and 286 references

processors: Unity.Jobs.CodeGen.JobsILPostProcessor, zzzUnity.Burst.CodeGen.BurstILPostProcessor

running Unity.Jobs.CodeGen.JobsILPostProcessor

running zzzUnity.Burst.CodeGen.BurstILPostProcessor
[1078/1329  0s] ILPostProcess Library/Bee/artifacts/1900b0aE.dag/post-processed/Unity.RenderPipelines.Core.ShaderLibrary.dll (+pdb)
Processing assembly Library/Bee/artifacts/1900b0aE.dag/Unity.RenderPipelines.Core.ShaderLibrary.dll, with 139 defines and 286 references

processors: Unity.Jobs.CodeGen.JobsILPostProcessor, zzzUnity.Burst.CodeGen.BurstILPostProcessor

running Unity.Jobs.CodeGen.JobsILPostProcessor

running zzzUnity.Burst.CodeGen.BurstILPostProcessor
[1079/1329  0s] ILPostProcess Library/Bee/artifacts/1900b0aE.dag/post-processed/Unity.Mathematics.dll (+pdb)
Processing assembly Library/Bee/artifacts/1900b0aE.dag/Unity.Mathematics.dll, with 139 defines and 286 references

processors: Unity.Jobs.CodeGen.JobsILPostProcessor, zzzUnity.Burst.CodeGen.BurstILPostProcessor

running Unity.Jobs.CodeGen.JobsILPostProcessor

running zzzUnity.Burst.CodeGen.BurstILPostProcessor
[1080/1329  0s] ILPostProcess Library/Bee/artifacts/1900b0aE.dag/post-processed/Unity.Timeline.dll (+pdb)
Processing assembly Library/Bee/artifacts/1900b0aE.dag/Unity.Timeline.dll, with 140 defines and 286 references

processors: Unity.Jobs.CodeGen.JobsILPostProcessor, zzzUnity.Burst.CodeGen.BurstILPostProcessor

running Unity.Jobs.CodeGen.JobsILPostProcessor

running zzzUnity.Burst.CodeGen.BurstILPostProcessor
[1081/1329  0s] MovedFromExtractor-Combine Library/Bee/artifacts/1900b0aE.dag/Unity.2D.Animation.Runtime.dll.mvfrm
[1082/1329  0s] MovedFromExtractor-Combine Library/Bee/artifacts/1900b0aE.dag/Unity.ProBuilder.dll.mvfrm
[1083/1329  0s] ILPostProcess Library/Bee/artifacts/1900b0aE.dag/post-processed/Unity.2D.SpriteShape.Runtime.dll (+pdb)
Processing assembly Library/Bee/artifacts/1900b0aE.dag/Unity.2D.SpriteShape.Runtime.dll, with 140 defines and 290 references

processors: Unity.Jobs.CodeGen.JobsILPostProcessor, zzzUnity.Burst.CodeGen.BurstILPostProcessor

running Unity.Jobs.CodeGen.JobsILPostProcessor

running zzzUnity.Burst.CodeGen.BurstILPostProcessor
[1084/1329  0s] ILPostProcess Library/Bee/artifacts/1900b0aE.dag/post-processed/Unity.ProBuilder.Csg.dll (+pdb)
Processing assembly Library/Bee/artifacts/1900b0aE.dag/Unity.ProBuilder.Csg.dll, with 139 defines and 286 references

processors: Unity.Jobs.CodeGen.JobsILPostProcessor, zzzUnity.Burst.CodeGen.BurstILPostProcessor

running Unity.Jobs.CodeGen.JobsILPostProcessor

running zzzUnity.Burst.CodeGen.BurstILPostProcessor
[1085/1329  0s] Csc Library/Bee/artifacts/1900b0aE.dag/SRP.F03.EditModeTests.dll (+2 others)
[1086/1329  0s] ILPostProcess Library/Bee/artifacts/1900b0aE.dag/post-processed/SRP.F03.PlayModeTests.dll (+pdb)
Processing assembly Library/Bee/artifacts/1900b0aE.dag/SRP.F03.PlayModeTests.dll, with 139 defines and 266 references

processors: Unity.Jobs.CodeGen.JobsILPostProcessor, zzzUnity.Burst.CodeGen.BurstILPostProcessor

running Unity.Jobs.CodeGen.JobsILPostProcessor

running zzzUnity.Burst.CodeGen.BurstILPostProcessor
[1087/1329  0s] MovedFromExtractor Library/Bee/artifacts/mvdfrm/Unity.RenderPipelines.Core.Editor.Shared.ref.dll_FAA396FB17B8C1A8.mvfrm
[1088/1329  0s] MovedFromExtractor Library/Bee/artifacts/mvdfrm/Unity.ShaderGraph.Editor.ref.dll_0F50152946DB09D0.mvfrm
[1089/1329  0s] ILPostProcess Library/Bee/artifacts/1900b0aE.dag/post-processed/Unity.Multiplayer.Center.Common.dll (+pdb)
Processing assembly Library/Bee/artifacts/1900b0aE.dag/Unity.Multiplayer.Center.Common.dll, with 139 defines and 286 references

processors: Unity.Jobs.CodeGen.JobsILPostProcessor, zzzUnity.Burst.CodeGen.BurstILPostProcessor

running Unity.Jobs.CodeGen.JobsILPostProcessor

running zzzUnity.Burst.CodeGen.BurstILPostProcessor
[1001/1329  0s] Csc Library/Bee/artifacts/1900b0aE.dag/Unity.ProBuilder.dll (+2 others) [CacheHit 81d6a1fbce9078db6c7da7bd5f211bfd00000000000000000000000000000006]
[1090/1329  0s] Csc Library/Bee/artifacts/1900b0aE.dag/Unity.ProBuilder.dll (+2 others)
[1092/1329  0s] ILPostProcess Library/Bee/artifacts/1900b0aE.dag/post-processed/MCPForUnity.Runtime.dll (+pdb)
Processing assembly Library/Bee/artifacts/1900b0aE.dag/MCPForUnity.Runtime.dll, with 139 defines and 286 references

processors: Unity.Jobs.CodeGen.JobsILPostProcessor, zzzUnity.Burst.CodeGen.BurstILPostProcessor

running Unity.Jobs.CodeGen.JobsILPostProcessor

running zzzUnity.Burst.CodeGen.BurstILPostProcessor
[1093/1329  0s] ILPostProcess Library/Bee/artifacts/1900b0aE.dag/post-processed/Unity.InternalAPIEngineBridge.004.dll (+pdb)
Processing assembly Library/Bee/artifacts/1900b0aE.dag/Unity.InternalAPIEngineBridge.004.dll, with 139 defines and 286 references

processors: Unity.Jobs.CodeGen.JobsILPostProcessor, zzzUnity.Burst.CodeGen.BurstILPostProcessor

running Unity.Jobs.CodeGen.JobsILPostProcessor

running zzzUnity.Burst.CodeGen.BurstILPostProcessor
[1094/1329  0s] ILPostProcess Library/Bee/artifacts/1900b0aE.dag/post-processed/Unity.PlasticSCM.Editor.dll (+pdb)
Processing assembly Library/Bee/artifacts/1900b0aE.dag/Unity.PlasticSCM.Editor.dll, with 137 defines and 278 references

processors: Unity.Jobs.CodeGen.JobsILPostProcessor, zzzUnity.Burst.CodeGen.BurstILPostProcessor

running Unity.Jobs.CodeGen.JobsILPostProcessor

running zzzUnity.Burst.CodeGen.BurstILPostProcessor
[1005/1329  0s] Csc Library/Bee/artifacts/1900b0aE.dag/Unity.2D.Animation.Runtime.dll (+2 others) [CacheHit 941888f2d5f849249626cbd0d6d45bad00000000000000000000000000000006]
[1095/1329  0s] Csc Library/Bee/artifacts/1900b0aE.dag/Unity.2D.Animation.Runtime.dll (+2 others)
[1097/1329  0s] ILPostProcess Library/Bee/artifacts/1900b0aE.dag/post-processed/Unity.2D.Sprite.Editor.dll (+pdb)
Processing assembly Library/Bee/artifacts/1900b0aE.dag/Unity.2D.Sprite.Editor.dll, with 137 defines and 295 references

processors: Unity.Jobs.CodeGen.JobsILPostProcessor, zzzUnity.Burst.CodeGen.BurstILPostProcessor

running Unity.Jobs.CodeGen.JobsILPostProcessor

running zzzUnity.Burst.CodeGen.BurstILPostProcessor
[1098/1329  0s] ILPostProcess Library/Bee/artifacts/1900b0aE.dag/post-processed/Unity.RenderPipelines.Core.Editor.Shared.dll (+pdb)
Processing assembly Library/Bee/artifacts/1900b0aE.dag/Unity.RenderPipelines.Core.Editor.Shared.dll, with 137 defines and 296 references

processors: Unity.Jobs.CodeGen.JobsILPostProcessor, zzzUnity.Burst.CodeGen.BurstILPostProcessor

running Unity.Jobs.CodeGen.JobsILPostProcessor

running zzzUnity.Burst.CodeGen.BurstILPostProcessor
[1099/1329  0s] ILPostProcess Library/Bee/artifacts/1900b0aE.dag/post-processed/SRP.F03.EditModeTests.dll (+pdb)
Processing assembly Library/Bee/artifacts/1900b0aE.dag/SRP.F03.EditModeTests.dll, with 137 defines and 276 references

processors: Unity.Jobs.CodeGen.JobsILPostProcessor, zzzUnity.Burst.CodeGen.BurstILPostProcessor

running Unity.Jobs.CodeGen.JobsILPostProcessor

running zzzUnity.Burst.CodeGen.BurstILPostProcessor
[1100/1329  0s] ILPostProcess Library/Bee/artifacts/1900b0aE.dag/post-processed/Unity.InternalAPIEditorBridge.001.dll (+pdb)
Processing assembly Library/Bee/artifacts/1900b0aE.dag/Unity.InternalAPIEditorBridge.001.dll, with 138 defines and 296 references

processors: Unity.Jobs.CodeGen.JobsILPostProcessor, zzzUnity.Burst.CodeGen.BurstILPostProcessor

running Unity.Jobs.CodeGen.JobsILPostProcessor

running zzzUnity.Burst.CodeGen.BurstILPostProcessor
[1101/1329  0s] MovedFromExtractor-Combine Library/Bee/artifacts/1900b0aE.dag/Unity.VisualEffectGraph.Editor.dll.mvfrm
[1102/1329  0s] MovedFromExtractor Library/Bee/artifacts/mvdfrm/Unity.ProBuilder.ref.dll_E7A4225E7DFD40FC.mvfrm
[1103/1329  0s] MovedFromExtractor Library/Bee/artifacts/mvdfrm/Unity.2D.Animation.Runtime.ref.dll_6747672A37E369F0.mvfrm
[1104/1329  0s] ILPostProcess Library/Bee/artifacts/1900b0aE.dag/post-processed/Unity.2D.SpriteShape.Editor.dll (+pdb)
Processing assembly Library/Bee/artifacts/1900b0aE.dag/Unity.2D.SpriteShape.Editor.dll, with 138 defines and 300 references

processors: Unity.Jobs.CodeGen.JobsILPostProcessor, zzzUnity.Burst.CodeGen.BurstILPostProcessor

running Unity.Jobs.CodeGen.JobsILPostProcessor

running zzzUnity.Burst.CodeGen.BurstILPostProcessor
[1105/1329  0s] ILPostProcess Library/Bee/artifacts/1900b0aE.dag/post-processed/Unity.Searcher.Editor.dll (+pdb)
Processing assembly Library/Bee/artifacts/1900b0aE.dag/Unity.Searcher.Editor.dll, with 137 defines and 295 references

processors: Unity.Jobs.CodeGen.JobsILPostProcessor, zzzUnity.Burst.CodeGen.BurstILPostProcessor

running Unity.Jobs.CodeGen.JobsILPostProcessor

running zzzUnity.Burst.CodeGen.BurstILPostProcessor
[1106/1329  0s] ILPostProcess Library/Bee/artifacts/1900b0aE.dag/post-processed/Unity.ProBuilder.KdTree.dll (+pdb)
Processing assembly Library/Bee/artifacts/1900b0aE.dag/Unity.ProBuilder.KdTree.dll, with 139 defines and 286 references

processors: Unity.Jobs.CodeGen.JobsILPostProcessor, zzzUnity.Burst.CodeGen.BurstILPostProcessor

running Unity.Jobs.CodeGen.JobsILPostProcessor

running zzzUnity.Burst.CodeGen.BurstILPostProcessor
[1107/1329  0s] ILPostProcess Library/Bee/artifacts/1900b0aE.dag/post-processed/Unity.PerformanceTesting.dll (+pdb)
Processing assembly Library/Bee/artifacts/1900b0aE.dag/Unity.PerformanceTesting.dll, with 140 defines and 264 references

processors: Unity.Jobs.CodeGen.JobsILPostProcessor, zzzUnity.Burst.CodeGen.BurstILPostProcessor

running Unity.Jobs.CodeGen.JobsILPostProcessor

running zzzUnity.Burst.CodeGen.BurstILPostProcessor
[1108/1329  0s] ILPostProcess Library/Bee/artifacts/1900b0aE.dag/post-processed/SRP.F03.Editor.dll (+pdb)
Processing assembly Library/Bee/artifacts/1900b0aE.dag/SRP.F03.Editor.dll, with 137 defines and 296 references

processors: Unity.Jobs.CodeGen.JobsILPostProcessor, zzzUnity.Burst.CodeGen.BurstILPostProcessor

running Unity.Jobs.CodeGen.JobsILPostProcessor

running zzzUnity.Burst.CodeGen.BurstILPostProcessor
[1109/1329  0s] ILPostProcess Library/Bee/artifacts/1900b0aE.dag/post-processed/Unity.2D.Common.Path.Editor.dll (+pdb)
Processing assembly Library/Bee/artifacts/1900b0aE.dag/Unity.2D.Common.Path.Editor.dll, with 137 defines and 295 references

processors: Unity.Jobs.CodeGen.JobsILPostProcessor, zzzUnity.Burst.CodeGen.BurstILPostProcessor

running Unity.Jobs.CodeGen.JobsILPostProcessor

running zzzUnity.Burst.CodeGen.BurstILPostProcessor
[1110/1329  0s] ILPostProcess Library/Bee/artifacts/1900b0aE.dag/post-processed/Unity.ShaderGraph.Editor.dll (+pdb)
Processing assembly Library/Bee/artifacts/1900b0aE.dag/Unity.ShaderGraph.Editor.dll, with 138 defines and 300 references

processors: Unity.Jobs.CodeGen.JobsILPostProcessor, zzzUnity.Burst.CodeGen.BurstILPostProcessor

running Unity.Jobs.CodeGen.JobsILPostProcessor

running zzzUnity.Burst.CodeGen.BurstILPostProcessor
[1111/1329  0s] ILPostProcess Library/Bee/artifacts/1900b0aE.dag/post-processed/Unity.ProBuilder.dll (+pdb)
Processing assembly Library/Bee/artifacts/1900b0aE.dag/Unity.ProBuilder.dll, with 141 defines and 290 references

processors: Unity.Jobs.CodeGen.JobsILPostProcessor, zzzUnity.Burst.CodeGen.BurstILPostProcessor

running Unity.Jobs.CodeGen.JobsILPostProcessor

running zzzUnity.Burst.CodeGen.BurstILPostProcessor
[1112/1329  1s] ILPostProcess Library/Bee/artifacts/1900b0aE.dag/post-processed/Unity.Collections.dll (+pdb)
Processing assembly Library/Bee/artifacts/1900b0aE.dag/Unity.Collections.dll, with 141 defines and 288 references

processors: Unity.Jobs.CodeGen.JobsILPostProcessor, zzzUnity.Burst.CodeGen.BurstILPostProcessor

running Unity.Jobs.CodeGen.JobsILPostProcessor

running zzzUnity.Burst.CodeGen.BurstILPostProcessor
[1113/1329  0s] ILPostProcess Library/Bee/artifacts/1900b0aE.dag/post-processed/Unity.2D.Animation.Runtime.dll (+pdb)
Processing assembly Library/Bee/artifacts/1900b0aE.dag/Unity.2D.Animation.Runtime.dll, with 141 defines and 292 references

processors: Unity.Jobs.CodeGen.JobsILPostProcessor, zzzUnity.Burst.CodeGen.BurstILPostProcessor

running Unity.Jobs.CodeGen.JobsILPostProcessor

running zzzUnity.Burst.CodeGen.BurstILPostProcessor
[1021/1329  0s] Csc Library/Bee/artifacts/1900b0aE.dag/Unity.VisualEffectGraph.Editor.dll (+2 others) [CacheHit f179ed6cf3f8409ec3b1fb448d028fa500000000000000000000000000000006]
[1114/1329  0s] Csc Library/Bee/artifacts/1900b0aE.dag/Unity.VisualEffectGraph.Editor.dll (+2 others)
[1116/1329  0s] ILPostProcess Library/Bee/artifacts/1900b0aE.dag/post-processed/Unity.2D.Aseprite.Common.dll (+pdb)
Processing assembly Library/Bee/artifacts/1900b0aE.dag/Unity.2D.Aseprite.Common.dll, with 137 defines and 298 references

processors: Unity.Jobs.CodeGen.JobsILPostProcessor, zzzUnity.Burst.CodeGen.BurstILPostProcessor

running Unity.Jobs.CodeGen.JobsILPostProcessor

running zzzUnity.Burst.CodeGen.BurstILPostProcessor
[1117/1329  0s] ILPostProcess Library/Bee/artifacts/1900b0aE.dag/post-processed/PsdPlugin.dll (+pdb)
Processing assembly Library/Bee/artifacts/1900b0aE.dag/PsdPlugin.dll, with 137 defines and 296 references

processors: Unity.Jobs.CodeGen.JobsILPostProcessor, zzzUnity.Burst.CodeGen.BurstILPostProcessor

running Unity.Jobs.CodeGen.JobsILPostProcessor

running zzzUnity.Burst.CodeGen.BurstILPostProcessor
[1118/1329  0s] MovedFromExtractor-Combine Library/Bee/artifacts/1900b0aE.dag/Unity.ProBuilder.Editor.dll.mvfrm
[1119/1329  0s] ILPostProcess Library/Bee/artifacts/1900b0aE.dag/post-processed/Unity.VisualScripting.State.Editor.dll (+pdb)
Processing assembly Library/Bee/artifacts/1900b0aE.dag/Unity.VisualScripting.State.Editor.dll, with 137 defines and 300 references

processors: Unity.Jobs.CodeGen.JobsILPostProcessor, zzzUnity.Burst.CodeGen.BurstILPostProcessor

running Unity.Jobs.CodeGen.JobsILPostProcessor

running zzzUnity.Burst.CodeGen.BurstILPostProcessor
[1120/1329  0s] MovedFromExtractor-Combine Library/Bee/artifacts/1900b0aE.dag/Unity.2D.Animation.Editor.dll.mvfrm
[1121/1329  0s] MovedFromExtractor-Combine Library/Bee/artifacts/1900b0aE.dag/Unity.RenderPipelines.Universal.2D.Runtime.dll.mvfrm
[1122/1329  0s] ILPostProcess Library/Bee/artifacts/1900b0aE.dag/post-processed/UnityEditor.UI.Analytics.dll (+pdb)
Processing assembly Library/Bee/artifacts/1900b0aE.dag/UnityEditor.UI.Analytics.dll, with 137 defines and 296 references

processors: Unity.Jobs.CodeGen.JobsILPostProcessor, zzzUnity.Burst.CodeGen.BurstILPostProcessor

running Unity.Jobs.CodeGen.JobsILPostProcessor

running zzzUnity.Burst.CodeGen.BurstILPostProcessor
[1123/1329  0s] MovedFromExtractor Library/Bee/artifacts/mvdfrm/Unity.VisualEffectGraph.Editor.ref.dll_40E84D5AB45D5BAC.mvfrm
[1124/1329  0s] ILPostProcess Library/Bee/artifacts/1900b0aE.dag/post-processed/Unity.InputSystem.DocCodeSamples.dll (+pdb)
Processing assembly Library/Bee/artifacts/1900b0aE.dag/Unity.InputSystem.DocCodeSamples.dll, with 137 defines and 275 references

processors: Unity.Jobs.CodeGen.JobsILPostProcessor, zzzUnity.Burst.CodeGen.BurstILPostProcessor

running Unity.Jobs.CodeGen.JobsILPostProcessor

running zzzUnity.Burst.CodeGen.BurstILPostProcessor
[1125/1329  0s] ILPostProcess Library/Bee/artifacts/1900b0aE.dag/post-processed/Unity.Settings.Editor.dll (+pdb)
Processing assembly Library/Bee/artifacts/1900b0aE.dag/Unity.Settings.Editor.dll, with 137 defines and 295 references

processors: Unity.Jobs.CodeGen.JobsILPostProcessor, zzzUnity.Burst.CodeGen.BurstILPostProcessor

running Unity.Jobs.CodeGen.JobsILPostProcessor

running zzzUnity.Burst.CodeGen.BurstILPostProcessor
[1126/1329  0s] MovedFromExtractor-Combine Library/Bee/artifacts/1900b0aE.dag/Unity.2D.IK.Runtime.dll.mvfrm
[1127/1329  0s] ILPostProcess Library/Bee/artifacts/1900b0aE.dag/post-processed/Unity.Collections.Editor.dll (+pdb)
Processing assembly Library/Bee/artifacts/1900b0aE.dag/Unity.Collections.Editor.dll, with 138 defines and 296 references

processors: Unity.Jobs.CodeGen.JobsILPostProcessor, zzzUnity.Burst.CodeGen.BurstILPostProcessor

running Unity.Jobs.CodeGen.JobsILPostProcessor

running zzzUnity.Burst.CodeGen.BurstILPostProcessor
[1128/1329  0s] ILPostProcess Library/Bee/artifacts/1900b0aE.dag/post-processed/Unity.VisualScripting.Shared.Editor.dll (+pdb)
Processing assembly Library/Bee/artifacts/1900b0aE.dag/Unity.VisualScripting.Shared.Editor.dll, with 137 defines and 301 references

processors: Unity.Jobs.CodeGen.JobsILPostProcessor, zzzUnity.Burst.CodeGen.BurstILPostProcessor

running Unity.Jobs.CodeGen.JobsILPostProcessor

running zzzUnity.Burst.CodeGen.BurstILPostProcessor
[1037/1329  0s] Csc Library/Bee/artifacts/1900b0aE.dag/Unity.2D.IK.Runtime.dll (+2 others) [CacheHit 37ad1dec2ab703f2df416c58126d691900000000000000000000000000000006]
[1129/1329  0s] Csc Library/Bee/artifacts/1900b0aE.dag/Unity.2D.IK.Runtime.dll (+2 others)
[1038/1329  0s] Csc Library/Bee/artifacts/1900b0aE.dag/Unity.RenderPipelines.Universal.2D.Runtime.dll (+2 others) [CacheHit 03b38050f00ff9a18d5ad06f6fe2388600000000000000000000000000000006]
[1131/1329  0s] Csc Library/Bee/artifacts/1900b0aE.dag/Unity.RenderPipelines.Universal.2D.Runtime.dll (+2 others)
[1039/1329  0s] Csc Library/Bee/artifacts/1900b0aE.dag/Unity.ProBuilder.Editor.dll (+2 others) [CacheHit 1253b4997d4c09b136b0b66903ebb23a00000000000000000000000000000006]
[1133/1329  0s] Csc Library/Bee/artifacts/1900b0aE.dag/Unity.ProBuilder.Editor.dll (+2 others)
[1040/1329  0s] Csc Library/Bee/artifacts/1900b0aE.dag/Unity.2D.Animation.Editor.dll (+2 others) [CacheHit 1752eefe65e06c00a5c5e85e6360b31000000000000000000000000000000006]
[1135/1329  0s] Csc Library/Bee/artifacts/1900b0aE.dag/Unity.2D.Animation.Editor.dll (+2 others)
[1137/1329  0s] ILPostProcess Library/Bee/artifacts/1900b0aE.dag/post-processed/Unity.ProBuilder.AssetIdRemapUtility.dll (+pdb)
Processing assembly Library/Bee/artifacts/1900b0aE.dag/Unity.ProBuilder.AssetIdRemapUtility.dll, with 137 defines and 295 references

processors: Unity.Jobs.CodeGen.JobsILPostProcessor, zzzUnity.Burst.CodeGen.BurstILPostProcessor

running Unity.Jobs.CodeGen.JobsILPostProcessor

running zzzUnity.Burst.CodeGen.BurstILPostProcessor
[1138/1329  0s] ILPostProcess Library/Bee/artifacts/1900b0aE.dag/post-processed/MCPForUnity.Editor.dll (+pdb)
Processing assembly Library/Bee/artifacts/1900b0aE.dag/MCPForUnity.Editor.dll, with 138 defines and 276 references

processors: Unity.Jobs.CodeGen.JobsILPostProcessor, zzzUnity.Burst.CodeGen.BurstILPostProcessor

running Unity.Jobs.CodeGen.JobsILPostProcessor

running zzzUnity.Burst.CodeGen.BurstILPostProcessor
[1139/1329  0s] ILPostProcess Library/Bee/artifacts/1900b0aE.dag/post-processed/Unity.Mathematics.Editor.dll (+pdb)
Processing assembly Library/Bee/artifacts/1900b0aE.dag/Unity.Mathematics.Editor.dll, with 137 defines and 296 references

processors: Unity.Jobs.CodeGen.JobsILPostProcessor, zzzUnity.Burst.CodeGen.BurstILPostProcessor

running Unity.Jobs.CodeGen.JobsILPostProcessor

running zzzUnity.Burst.CodeGen.BurstILPostProcessor
[1140/1329  0s] ILPostProcess Library/Bee/artifacts/1900b0aE.dag/post-processed/Unity.Burst.Editor.dll (+pdb)
Processing assembly Library/Bee/artifacts/1900b0aE.dag/Unity.Burst.Editor.dll, with 137 defines and 296 references

processors: Unity.Jobs.CodeGen.JobsILPostProcessor, zzzUnity.Burst.CodeGen.BurstILPostProcessor

running Unity.Jobs.CodeGen.JobsILPostProcessor

running zzzUnity.Burst.CodeGen.BurstILPostProcessor
[1141/1329  0s] ILPostProcess Library/Bee/artifacts/1900b0aE.dag/post-processed/UnityEditor.UI.dll (+pdb)
Processing assembly Library/Bee/artifacts/1900b0aE.dag/UnityEditor.UI.dll, with 140 defines and 294 references

processors: Unity.Jobs.CodeGen.JobsILPostProcessor, zzzUnity.Burst.CodeGen.BurstILPostProcessor

running Unity.Jobs.CodeGen.JobsILPostProcessor

running zzzUnity.Burst.CodeGen.BurstILPostProcessor
[1142/1329  0s] ILPostProcess Library/Bee/artifacts/1900b0aE.dag/post-processed/Unity.2D.Tooling.Editor.dll (+pdb)
Processing assembly Library/Bee/artifacts/1900b0aE.dag/Unity.2D.Tooling.Editor.dll, with 137 defines and 298 references

processors: Unity.Jobs.CodeGen.JobsILPostProcessor, zzzUnity.Burst.CodeGen.BurstILPostProcessor

running Unity.Jobs.CodeGen.JobsILPostProcessor

running zzzUnity.Burst.CodeGen.BurstILPostProcessor
[1143/1329  0s] ILPostProcess Library/Bee/artifacts/1900b0aE.dag/post-processed/Unity.InternalAPIEditorBridge.ShaderGraph.Editor.dll (+pdb)
Processing assembly Library/Bee/artifacts/1900b0aE.dag/Unity.InternalAPIEditorBridge.ShaderGraph.Editor.dll, with 137 defines and 295 references

processors: Unity.Jobs.CodeGen.JobsILPostProcessor, zzzUnity.Burst.CodeGen.BurstILPostProcessor

running Unity.Jobs.CodeGen.JobsILPostProcessor

running zzzUnity.Burst.CodeGen.BurstILPostProcessor
[1144/1329  0s] ILPostProcess Library/Bee/artifacts/1900b0aE.dag/post-processed/Unity.Rendering.LightTransport.Editor.dll (+pdb)
Processing assembly Library/Bee/artifacts/1900b0aE.dag/Unity.Rendering.LightTransport.Editor.dll, with 137 defines and 295 references

processors: Unity.Jobs.CodeGen.JobsILPostProcessor, zzzUnity.Burst.CodeGen.BurstILPostProcessor

running Unity.Jobs.CodeGen.JobsILPostProcessor

running zzzUnity.Burst.CodeGen.BurstILPostProcessor
[1145/1329  0s] MovedFromExtractor Library/Bee/artifacts/mvdfrm/Unity.RenderPipelines.Universal.2D.Runtime.ref.dll_D60199621A6AEC70.mvfrm
[1146/1329  0s] MovedFromExtractor Library/Bee/artifacts/mvdfrm/Unity.2D.IK.Runtime.ref.dll_16F22BA31A1D34C0.mvfrm
[1147/1329  0s] MovedFromExtractor Library/Bee/artifacts/mvdfrm/Unity.ProBuilder.Editor.ref.dll_E3AF217646286A75.mvfrm
[1148/1329  0s] MovedFromExtractor Library/Bee/artifacts/mvdfrm/Unity.2D.Animation.Editor.ref.dll_A13BD6459BB26E0B.mvfrm
[1149/1329  0s] ILPostProcess Library/Bee/artifacts/1900b0aE.dag/post-processed/Unity.PlasticSCM.Editor.Entities.dll (+pdb)
Processing assembly Library/Bee/artifacts/1900b0aE.dag/Unity.PlasticSCM.Editor.Entities.dll, with 137 defines and 296 references

processors: Unity.Jobs.CodeGen.JobsILPostProcessor, zzzUnity.Burst.CodeGen.BurstILPostProcessor

running Unity.Jobs.CodeGen.JobsILPostProcessor

running zzzUnity.Burst.CodeGen.BurstILPostProcessor
[1150/1329  0s] ILPostProcess Library/Bee/artifacts/1900b0aE.dag/post-processed/Unity.Multiplayer.Center.Editor.dll (+pdb)
Processing assembly Library/Bee/artifacts/1900b0aE.dag/Unity.Multiplayer.Center.Editor.dll, with 137 defines and 296 references

processors: Unity.Jobs.CodeGen.JobsILPostProcessor, zzzUnity.Burst.CodeGen.BurstILPostProcessor

running Unity.Jobs.CodeGen.JobsILPostProcessor

running zzzUnity.Burst.CodeGen.BurstILPostProcessor
[1151/1329  0s] ILPostProcess Library/Bee/artifacts/1900b0aE.dag/post-processed/Unity.VisualScripting.SettingsProvider.Editor.dll (+pdb)
Processing assembly Library/Bee/artifacts/1900b0aE.dag/Unity.VisualScripting.SettingsProvider.Editor.dll, with 137 defines and 300 references

processors: Unity.Jobs.CodeGen.JobsILPostProcessor, zzzUnity.Burst.CodeGen.BurstILPostProcessor

running Unity.Jobs.CodeGen.JobsILPostProcessor

running zzzUnity.Burst.CodeGen.BurstILPostProcessor
[1152/1329  1s] ILPostProcess Library/Bee/artifacts/1900b0aE.dag/post-processed/Unity.ShaderGraph.Utilities.dll (+pdb)
Processing assembly Library/Bee/artifacts/1900b0aE.dag/Unity.ShaderGraph.Utilities.dll, with 137 defines and 295 references

processors: Unity.Jobs.CodeGen.JobsILPostProcessor, zzzUnity.Burst.CodeGen.BurstILPostProcessor

running Unity.Jobs.CodeGen.JobsILPostProcessor

running zzzUnity.Burst.CodeGen.BurstILPostProcessor
[1153/1329  0s] ILPostProcess Library/Bee/artifacts/1900b0aE.dag/post-processed/Unity.TextMeshPro.Editor.dll (+pdb)
Processing assembly Library/Bee/artifacts/1900b0aE.dag/Unity.TextMeshPro.Editor.dll, with 137 defines and 297 references

processors: Unity.Jobs.CodeGen.JobsILPostProcessor, zzzUnity.Burst.CodeGen.BurstILPostProcessor

running Unity.Jobs.CodeGen.JobsILPostProcessor

running zzzUnity.Burst.CodeGen.BurstILPostProcessor
[1154/1329  0s] MovedFromExtractor-Combine Library/Bee/artifacts/1900b0aE.dag/Unity.Cinemachine.dll.mvfrm
[1155/1329  0s] MovedFromExtractor-Combine Library/Bee/artifacts/1900b0aE.dag/Unity.2D.Aseprite.Editor.dll.mvfrm
[1156/1329  0s] MovedFromExtractor-Combine Library/Bee/artifacts/1900b0aE.dag/Unity.RenderPipelines.Universal.Editor.dll.mvfrm
[1157/1329  0s] ILPostProcess Library/Bee/artifacts/1900b0aE.dag/post-processed/Unity.CollabProxy.Editor.dll (+pdb)
Processing assembly Library/Bee/artifacts/1900b0aE.dag/Unity.CollabProxy.Editor.dll, with 137 defines and 296 references

processors: Unity.Jobs.CodeGen.JobsILPostProcessor, zzzUnity.Burst.CodeGen.BurstILPostProcessor

running Unity.Jobs.CodeGen.JobsILPostProcessor

running zzzUnity.Burst.CodeGen.BurstILPostProcessor
[1158/1329  0s] MovedFromExtractor-Combine Library/Bee/artifacts/1900b0aE.dag/Unity.2D.Psdimporter.Editor.dll.mvfrm
[1159/1329  0s] MovedFromExtractor-Combine Library/Bee/artifacts/1900b0aE.dag/Unity.ProBuilder.AddOns.Editor.dll.mvfrm
[1160/1329  0s] MovedFromExtractor-Combine Library/Bee/artifacts/1900b0aE.dag/Unity.2D.IK.Editor.dll.mvfrm
[1161/1329  0s] ILPostProcess Library/Bee/artifacts/1900b0aE.dag/post-processed/Unity.RenderPipelines.Universal.2D.Runtime.dll (+pdb)
Processing assembly Library/Bee/artifacts/1900b0aE.dag/Unity.RenderPipelines.Universal.2D.Runtime.dll, with 146 defines and 293 references

processors: Unity.Jobs.CodeGen.JobsILPostProcessor, zzzUnity.Burst.CodeGen.BurstILPostProcessor

running Unity.Jobs.CodeGen.JobsILPostProcessor

running zzzUnity.Burst.CodeGen.BurstILPostProcessor
[1162/1329  0s] ILPostProcess Library/Bee/artifacts/1900b0aE.dag/post-processed/Unity.2D.IK.Runtime.dll (+pdb)
Processing assembly Library/Bee/artifacts/1900b0aE.dag/Unity.2D.IK.Runtime.dll, with 139 defines and 290 references

processors: Unity.Jobs.CodeGen.JobsILPostProcessor, zzzUnity.Burst.CodeGen.BurstILPostProcessor

running Unity.Jobs.CodeGen.JobsILPostProcessor

running zzzUnity.Burst.CodeGen.BurstILPostProcessor
[1163/1329  0s] MovedFromExtractor-Combine Library/Bee/artifacts/1900b0aE.dag/Unity.RenderPipelines.Universal.2D.Editor.Overrides.dll.mvfrm
[1164/1329  0s] ILPostProcess Library/Bee/artifacts/1900b0aE.dag/post-processed/Unity.ProBuilder.Editor.dll (+pdb)
Processing assembly Library/Bee/artifacts/1900b0aE.dag/Unity.ProBuilder.Editor.dll, with 137 defines and 300 references

processors: Unity.Jobs.CodeGen.JobsILPostProcessor, zzzUnity.Burst.CodeGen.BurstILPostProcessor

running Unity.Jobs.CodeGen.JobsILPostProcessor

running zzzUnity.Burst.CodeGen.BurstILPostProcessor
[1165/1329  0s] ILPostProcess Library/Bee/artifacts/1900b0aE.dag/post-processed/Unity.Timeline.Editor.dll (+pdb)
Processing assembly Library/Bee/artifacts/1900b0aE.dag/Unity.Timeline.Editor.dll, with 138 defines and 296 references

processors: Unity.Jobs.CodeGen.JobsILPostProcessor, zzzUnity.Burst.CodeGen.BurstILPostProcessor

running Unity.Jobs.CodeGen.JobsILPostProcessor

running zzzUnity.Burst.CodeGen.BurstILPostProcessor
[1166/1329  0s] ILPostProcess Library/Bee/artifacts/1900b0aE.dag/post-processed/ScriptablePacker.dll (+pdb)
Processing assembly Library/Bee/artifacts/1900b0aE.dag/ScriptablePacker.dll, with 137 defines and 278 references

processors: Unity.Jobs.CodeGen.JobsILPostProcessor, zzzUnity.Burst.CodeGen.BurstILPostProcessor

running Unity.Jobs.CodeGen.JobsILPostProcessor

running zzzUnity.Burst.CodeGen.BurstILPostProcessor
[1071/1329  0s] Csc Library/Bee/artifacts/1900b0aE.dag/Unity.2D.Aseprite.Editor.dll (+2 others) [CacheHit 787b4d5cc635ad516e7614b4745e681400000000000000000000000000000006]
[1167/1329  0s] Csc Library/Bee/artifacts/1900b0aE.dag/Unity.2D.Aseprite.Editor.dll (+2 others)
[1072/1329  0s] Csc Library/Bee/artifacts/1900b0aE.dag/Unity.Cinemachine.dll (+2 others) [CacheHit bddb6af069233c21935b3e9772107ba300000000000000000000000000000006]
[1169/1329  0s] Csc Library/Bee/artifacts/1900b0aE.dag/Unity.Cinemachine.dll (+2 others)
[1073/1329  0s] Csc Library/Bee/artifacts/1900b0aE.dag/Unity.2D.Psdimporter.Editor.dll (+2 others) [CacheHit e3e61723b7994971939862fb00c5d4d000000000000000000000000000000006]
[1171/1329  0s] Csc Library/Bee/artifacts/1900b0aE.dag/Unity.2D.Psdimporter.Editor.dll (+2 others)
[1074/1329  0s] Csc Library/Bee/artifacts/1900b0aE.dag/Unity.2D.IK.Editor.dll (+2 others) [CacheHit c1022f4c3999c32a4c15ad47d6aba7ed00000000000000000000000000000006]
[1173/1329  0s] Csc Library/Bee/artifacts/1900b0aE.dag/Unity.2D.IK.Editor.dll (+2 others)
[1175/1329  0s] ILPostProcess Library/Bee/artifacts/1900b0aE.dag/post-processed/Unity.2D.Triangulation.Runtime.dll (+pdb)
Processing assembly Library/Bee/artifacts/1900b0aE.dag/Unity.2D.Triangulation.Runtime.dll, with 137 defines and 278 references

processors: Unity.Jobs.CodeGen.JobsILPostProcessor, zzzUnity.Burst.CodeGen.BurstILPostProcessor

running Unity.Jobs.CodeGen.JobsILPostProcessor

running zzzUnity.Burst.CodeGen.BurstILPostProcessor
[1176/1329  0s] ILPostProcess Library/Bee/artifacts/1900b0aE.dag/post-processed/Unity.2D.Animation.Editor.dll (+pdb)
Processing assembly Library/Bee/artifacts/1900b0aE.dag/Unity.2D.Animation.Editor.dll, with 139 defines and 305 references

processors: Unity.Jobs.CodeGen.JobsILPostProcessor, zzzUnity.Burst.CodeGen.BurstILPostProcessor

running Unity.Jobs.CodeGen.JobsILPostProcessor

running zzzUnity.Burst.CodeGen.BurstILPostProcessor
[1177/1329  0s] ILPostProcess Library/Bee/artifacts/1900b0aE.dag/post-processed/Unity.VisualScripting.Flow.Editor.dll (+pdb)
Processing assembly Library/Bee/artifacts/1900b0aE.dag/Unity.VisualScripting.Flow.Editor.dll, with 139 defines and 299 references

processors: Unity.Jobs.CodeGen.JobsILPostProcessor, zzzUnity.Burst.CodeGen.BurstILPostProcessor

running Unity.Jobs.CodeGen.JobsILPostProcessor

running zzzUnity.Burst.CodeGen.BurstILPostProcessor
[1075/1329  0s] Csc Library/Bee/artifacts/1900b0aE.dag/Unity.ProBuilder.AddOns.Editor.dll (+2 others) [CacheHit 7052375dcc9b5212fea531d042d91cfd00000000000000000000000000000006]
[1178/1329  0s] Csc Library/Bee/artifacts/1900b0aE.dag/Unity.ProBuilder.AddOns.Editor.dll (+2 others)
[1076/1329  0s] Csc Library/Bee/artifacts/1900b0aE.dag/Unity.RenderPipelines.Universal.Editor.dll (+2 others) [CacheHit 1c2c48bbf64ffd57c51d0536fa52322500000000000000000000000000000006]
[1180/1329  0s] Csc Library/Bee/artifacts/1900b0aE.dag/Unity.RenderPipelines.Universal.Editor.dll (+2 others)
[1077/1329  0s] Csc Library/Bee/artifacts/1900b0aE.dag/Unity.RenderPipelines.Universal.2D.Editor.Overrides.dll (+2 others) [CacheHit 3679ac1814a64cdafd5d4e1844de8ff800000000000000000000000000000006]
[1182/1329  0s] Csc Library/Bee/artifacts/1900b0aE.dag/Unity.RenderPipelines.Universal.2D.Editor.Overrides.dll (+2 others)
[1184/1329  0s] MovedFromExtractor Library/Bee/artifacts/mvdfrm/Unity.2D.IK.Editor.ref.dll_F60355C05B38283B.mvfrm
[1185/1329  0s] MovedFromExtractor Library/Bee/artifacts/mvdfrm/Unity.2D.Aseprite.Editor.ref.dll_8C62A80A07075E58.mvfrm
[1186/1329  0s] MovedFromExtractor Library/Bee/artifacts/mvdfrm/Unity.Cinemachine.ref.dll_77EC0F35C376A022.mvfrm
[1187/1329  0s] MovedFromExtractor Library/Bee/artifacts/mvdfrm/Unity.ProBuilder.AddOns.Editor.ref.dll_F524F8CE15EFFDA6.mvfrm
[1188/1329  0s] MovedFromExtractor Library/Bee/artifacts/mvdfrm/Unity.2D.Psdimporter.Editor.ref.dll_B76AC6E0D8C9839C.mvfrm
[1189/1329  0s] MovedFromExtractor Library/Bee/artifacts/mvdfrm/Unity.RenderPipelines.Universal.2D.Editor.Overrides.ref.dll_FE6C8CE3BFF0C484.mvfrm
[1190/1329  0s] MovedFromExtractor Library/Bee/artifacts/mvdfrm/Unity.RenderPipelines.Universal.Editor.ref.dll_0FF7AC68384616B1.mvfrm
[1191/1329  0s] ILPostProcess Library/Bee/artifacts/1900b0aE.dag/post-processed/Unity.2D.Tilemap.Editor.dll (+pdb)
Processing assembly Library/Bee/artifacts/1900b0aE.dag/Unity.2D.Tilemap.Editor.dll, with 137 defines and 295 references

processors: Unity.Jobs.CodeGen.JobsILPostProcessor, zzzUnity.Burst.CodeGen.BurstILPostProcessor

running Unity.Jobs.CodeGen.JobsILPostProcessor

running zzzUnity.Burst.CodeGen.BurstILPostProcessor
[1192/1329  0s] ILPostProcess Library/Bee/artifacts/1900b0aE.dag/post-processed/Unity.VisualEffectGraph.Editor.dll (+pdb)
Processing assembly Library/Bee/artifacts/1900b0aE.dag/Unity.VisualEffectGraph.Editor.dll, with 138 defines and 301 references

processors: Unity.Jobs.CodeGen.JobsILPostProcessor, zzzUnity.Burst.CodeGen.BurstILPostProcessor

running Unity.Jobs.CodeGen.JobsILPostProcessor

running zzzUnity.Burst.CodeGen.BurstILPostProcessor
[1193/1329  0s] ILPostProcess Library/Bee/artifacts/1900b0aE.dag/post-processed/Unity.2D.Common.Editor.dll (+pdb)
Processing assembly Library/Bee/artifacts/1900b0aE.dag/Unity.2D.Common.Editor.dll, with 137 defines and 299 references

processors: Unity.Jobs.CodeGen.JobsILPostProcessor, zzzUnity.Burst.CodeGen.BurstILPostProcessor

running Unity.Jobs.CodeGen.JobsILPostProcessor

running zzzUnity.Burst.CodeGen.BurstILPostProcessor
[1194/1329  0s] ILPostProcess Library/Bee/artifacts/1900b0aE.dag/post-processed/Unity.VisualScripting.Core.Editor.dll (+pdb)
Processing assembly Library/Bee/artifacts/1900b0aE.dag/Unity.VisualScripting.Core.Editor.dll, with 137 defines and 296 references

processors: Unity.Jobs.CodeGen.JobsILPostProcessor, zzzUnity.Burst.CodeGen.BurstILPostProcessor

running Unity.Jobs.CodeGen.JobsILPostProcessor

running zzzUnity.Burst.CodeGen.BurstILPostProcessor
[1379/1329  0s] ILPostProcess Library/Bee/artifacts/1900b0aE.dag/post-processed/Unity.ProBuilder.AddOns.Editor.dll (+pdb)
Processing assembly Library/Bee/artifacts/1900b0aE.dag/Unity.ProBuilder.AddOns.Editor.dll, with 137 defines and 297 references

processors: Unity.Jobs.CodeGen.JobsILPostProcessor, zzzUnity.Burst.CodeGen.BurstILPostProcessor

running Unity.Jobs.CodeGen.JobsILPostProcessor

running zzzUnity.Burst.CodeGen.BurstILPostProcessor
[1380/1329  0s] ILPostProcess Library/Bee/artifacts/1900b0aE.dag/post-processed/Unity.Cinemachine.dll (+pdb)
Processing assembly Library/Bee/artifacts/1900b0aE.dag/Unity.Cinemachine.dll, with 149 defines and 293 references

processors: Unity.Jobs.CodeGen.JobsILPostProcessor, zzzUnity.Burst.CodeGen.BurstILPostProcessor

running Unity.Jobs.CodeGen.JobsILPostProcessor

running zzzUnity.Burst.CodeGen.BurstILPostProcessor
[1381/1329  0s] ILPostProcess Library/Bee/artifacts/1900b0aE.dag/post-processed/Unity.RenderPipelines.Universal.Editor.dll (+pdb)
Processing assembly Library/Bee/artifacts/1900b0aE.dag/Unity.RenderPipelines.Universal.Editor.dll, with 142 defines and 311 references

processors: Unity.Jobs.CodeGen.JobsILPostProcessor, zzzUnity.Burst.CodeGen.BurstILPostProcessor

running Unity.Jobs.CodeGen.JobsILPostProcessor

running zzzUnity.Burst.CodeGen.BurstILPostProcessor
[1382/1329  0s] ILPostProcess Library/Bee/artifacts/1900b0aE.dag/post-processed/Unity.PathTracing.Editor.dll (+pdb)
Processing assembly Library/Bee/artifacts/1900b0aE.dag/Unity.PathTracing.Editor.dll, with 138 defines and 299 references

processors: Unity.Jobs.CodeGen.JobsILPostProcessor, zzzUnity.Burst.CodeGen.BurstILPostProcessor

running Unity.Jobs.CodeGen.JobsILPostProcessor

running zzzUnity.Burst.CodeGen.BurstILPostProcessor
[1383/1329  0s] ILPostProcess Library/Bee/artifacts/1900b0aE.dag/post-processed/Unity.RenderPipelines.Core.Editor.dll (+pdb)
Processing assembly Library/Bee/artifacts/1900b0aE.dag/Unity.RenderPipelines.Core.Editor.dll, with 139 defines and 303 references

processors: Unity.Jobs.CodeGen.JobsILPostProcessor, zzzUnity.Burst.CodeGen.BurstILPostProcessor

running Unity.Jobs.CodeGen.JobsILPostProcessor

running zzzUnity.Burst.CodeGen.BurstILPostProcessor
[1394/1329  0s] ILPostProcess Library/Bee/artifacts/1900b0aE.dag/post-processed/Unity.2D.IK.Editor.dll (+pdb)
Processing assembly Library/Bee/artifacts/1900b0aE.dag/Unity.2D.IK.Editor.dll, with 137 defines and 302 references

processors: Unity.Jobs.CodeGen.JobsILPostProcessor, zzzUnity.Burst.CodeGen.BurstILPostProcessor

running Unity.Jobs.CodeGen.JobsILPostProcessor

running zzzUnity.Burst.CodeGen.BurstILPostProcessor
[1395/1329  0s] ILPostProcess Library/Bee/artifacts/1900b0aE.dag/post-processed/Unity.RenderPipelines.Universal.2D.Editor.Overrides.dll (+pdb)
Processing assembly Library/Bee/artifacts/1900b0aE.dag/Unity.RenderPipelines.Universal.2D.Editor.Overrides.dll, with 140 defines and 307 references

processors: Unity.Jobs.CodeGen.JobsILPostProcessor, zzzUnity.Burst.CodeGen.BurstILPostProcessor

running Unity.Jobs.CodeGen.JobsILPostProcessor

running zzzUnity.Burst.CodeGen.BurstILPostProcessor
[1396/1329  0s] ILPostProcess Library/Bee/artifacts/1900b0aE.dag/post-processed/Unity.PerformanceTesting.Editor.dll (+pdb)
Processing assembly Library/Bee/artifacts/1900b0aE.dag/Unity.PerformanceTesting.Editor.dll, with 138 defines and 275 references

processors: Unity.Jobs.CodeGen.JobsILPostProcessor, zzzUnity.Burst.CodeGen.BurstILPostProcessor

running Unity.Jobs.CodeGen.JobsILPostProcessor

running zzzUnity.Burst.CodeGen.BurstILPostProcessor
[1397/1329  0s] ILPostProcess Library/Bee/artifacts/1900b0aE.dag/post-processed/Unity.Splines.Editor.dll (+pdb)
Processing assembly Library/Bee/artifacts/1900b0aE.dag/Unity.Splines.Editor.dll, with 137 defines and 298 references

processors: Unity.Jobs.CodeGen.JobsILPostProcessor, zzzUnity.Burst.CodeGen.BurstILPostProcessor

running Unity.Jobs.CodeGen.JobsILPostProcessor

running zzzUnity.Burst.CodeGen.BurstILPostProcessor
[1398/1329  0s] ILPostProcess Library/Bee/artifacts/1900b0aE.dag/post-processed/Unity.2D.Tilemap.Extras.Editor.dll (+pdb)
Processing assembly Library/Bee/artifacts/1900b0aE.dag/Unity.2D.Tilemap.Extras.Editor.dll, with 137 defines and 297 references

processors: Unity.Jobs.CodeGen.JobsILPostProcessor, zzzUnity.Burst.CodeGen.BurstILPostProcessor

running Unity.Jobs.CodeGen.JobsILPostProcessor

running zzzUnity.Burst.CodeGen.BurstILPostProcessor
[1399/1329  0s] ILPostProcess Library/Bee/artifacts/1900b0aE.dag/post-processed/Unity.2D.Psdimporter.Editor.dll (+pdb)
Processing assembly Library/Bee/artifacts/1900b0aE.dag/Unity.2D.Psdimporter.Editor.dll, with 139 defines and 305 references

processors: Unity.Jobs.CodeGen.JobsILPostProcessor, zzzUnity.Burst.CodeGen.BurstILPostProcessor

running Unity.Jobs.CodeGen.JobsILPostProcessor

running zzzUnity.Burst.CodeGen.BurstILPostProcessor
[1400/1329  0s] MovedFromExtractor-Combine Library/Bee/artifacts/1900b0aE.dag/Unity.Cinemachine.Editor.dll.mvfrm
[1401/1329  0s] ILPostProcess Library/Bee/artifacts/1900b0aE.dag/post-processed/Unity.2D.Aseprite.Editor.dll (+pdb)
Processing assembly Library/Bee/artifacts/1900b0aE.dag/Unity.2D.Aseprite.Editor.dll, with 139 defines and 304 references

processors: Unity.Jobs.CodeGen.JobsILPostProcessor, zzzUnity.Burst.CodeGen.BurstILPostProcessor

running Unity.Jobs.CodeGen.JobsILPostProcessor

running zzzUnity.Burst.CodeGen.BurstILPostProcessor
[1313/1329  0s] Csc Library/Bee/artifacts/1900b0aE.dag/Unity.Cinemachine.Editor.dll (+2 others) [CacheHit d69e0ab40d8501921fd8c93fe77a000900000000000000000000000000000006]
[1416/1329  0s] Csc Library/Bee/artifacts/1900b0aE.dag/Unity.Cinemachine.Editor.dll (+2 others)
[1418/1329  0s] MovedFromExtractor Library/Bee/artifacts/mvdfrm/Unity.Cinemachine.Editor.ref.dll_397E3F004AF07FAF.mvfrm
[1419/1329  0s] ILPostProcess Library/Bee/artifacts/1900b0aE.dag/post-processed/Unity.Cinemachine.Editor.dll (+pdb)
Processing assembly Library/Bee/artifacts/1900b0aE.dag/Unity.Cinemachine.Editor.dll, with 146 defines and 306 references

processors: Unity.Jobs.CodeGen.JobsILPostProcessor, zzzUnity.Burst.CodeGen.BurstILPostProcessor

running Unity.Jobs.CodeGen.JobsILPostProcessor

running zzzUnity.Burst.CodeGen.BurstILPostProcessor
[1422/1329  0s] MovedFromExtractor-Combine Library/Bee/artifacts/1900b0aE.dag/Assembly-CSharp.dll.mvfrm
[1423/1329  0s] MovedFromExtractor-Combine Library/Bee/artifacts/1900b0aE.dag/Assembly-CSharp-Editor.dll.mvfrm
[1424/1329  0s] Csc Library/Bee/artifacts/1900b0aE.dag/Assembly-CSharp.dll (+2 others)
Assets\Scripts\TravelerAnim.cs(29,33): warning CS0618: 'Object.FindFirstObjectByType<T>()' is obsolete: 'FindFirstObjectByType has been deprecated because it relies on instance ID ordering. Use FindAnyObjectByType instead, which does not depend on ordering.'
[1425/1329  0s] ILPostProcess Library/Bee/artifacts/1900b0aE.dag/post-processed/Assembly-CSharp.dll (+pdb)
Processing assembly Library/Bee/artifacts/1900b0aE.dag/Assembly-CSharp.dll, with 139 defines and 358 references

processors: Unity.Jobs.CodeGen.JobsILPostProcessor, zzzUnity.Burst.CodeGen.BurstILPostProcessor

running Unity.Jobs.CodeGen.JobsILPostProcessor

running zzzUnity.Burst.CodeGen.BurstILPostProcessor
[1428/1329  0s] Csc Library/Bee/artifacts/1900b0aE.dag/Assembly-CSharp-Editor.dll (+2 others)
Assets\Scripts\Editor\ApplyBridgeParams.cs(13,22): warning CS0618: 'Object.FindObjectOfType<T>()' is obsolete: 'Object.FindObjectOfType has been deprecated. Use Object.FindAnyObjectByType instead.'

Assets\Scripts\Editor\ApplyBridgeParams.cs(26,22): warning CS0618: 'Object.FindObjectOfType<T>()' is obsolete: 'Object.FindObjectOfType has been deprecated. Use Object.FindAnyObjectByType instead.'

Assets\Scripts\Editor\DebugCamera.cs(16,31): warning CS0618: 'Object.FindObjectsOfType<T>()' is obsolete: 'Object.FindObjectsOfType has been deprecated. Use Object.FindObjectsByType instead which lets you decide whether you need the results sorted or not.  FindObjectsOfType sorts the results by InstanceID but if you do not need this using FindObjectSortMode.None is considerably faster.'

Assets\Scripts\Editor\SetupWeatherWalkScene.cs(47,19): warning CS0618: 'Object.FindObjectOfType<T>()' is obsolete: 'Object.FindObjectOfType has been deprecated. Use Object.FindAnyObjectByType instead.'

Assets\Scripts\Editor\CleanupWeatherDuplicates.cs(24,30): warning CS0618: 'Object.GetInstanceID()' is obsolete: 'GetInstanceID is deprecated. Use GetEntityId instead. This will be removed in a future version.'

Assets\Scripts\Editor\CleanupWeatherDuplicates.cs(25,34): warning CS0618: 'Object.GetInstanceID()' is obsolete: 'GetInstanceID is deprecated. Use GetEntityId instead. This will be removed in a future version.'

Assets\Scripts\Editor\CleanupWeatherDuplicates.cs(40,73): warning CS0618: 'Object.GetInstanceID()' is obsolete: 'GetInstanceID is deprecated. Use GetEntityId instead. This will be removed in a future version.'

Assets\Scripts\Editor\CleanupWeatherDuplicates.cs(69,30): warning CS0618: 'Object.GetInstanceID()' is obsolete: 'GetInstanceID is deprecated. Use GetEntityId instead. This will be removed in a future version.'

Assets\Scripts\Editor\CleanupWeatherDuplicates.cs(70,34): warning CS0618: 'Object.GetInstanceID()' is obsolete: 'GetInstanceID is deprecated. Use GetEntityId instead. This will be removed in a future version.'

Assets\Scripts\Editor\CleanupWeatherDuplicates.cs(85,83): warning CS0618: 'Object.GetInstanceID()' is obsolete: 'GetInstanceID is deprecated. Use GetEntityId instead. This will be removed in a future version.'

Assets\Scripts\Editor\CleanupWeatherDuplicates.cs(111,18): warning CS0618: 'Object.FindObjectOfType<T>()' is obsolete: 'Object.FindObjectOfType has been deprecated. Use Object.FindAnyObjectByType instead.'

Assets\Scripts\Editor\CleanupWeatherDuplicates.cs(144,19): warning CS0618: 'Object.FindObjectOfType<T>()' is obsolete: 'Object.FindObjectOfType has been deprecated. Use Object.FindAnyObjectByType instead.'
[1429/1329  0s] ILPostProcess Library/Bee/artifacts/1900b0aE.dag/post-processed/Assembly-CSharp-Editor.dll (+pdb)
Processing assembly Library/Bee/artifacts/1900b0aE.dag/Assembly-CSharp-Editor.dll, with 137 defines and 381 references

processors: Unity.Jobs.CodeGen.JobsILPostProcessor, zzzUnity.Burst.CodeGen.BurstILPostProcessor

running Unity.Jobs.CodeGen.JobsILPostProcessor

running zzzUnity.Burst.CodeGen.BurstILPostProcessor
*** Tundra build success (9.71 seconds), 850 items updated, 1329 evaluated
Assets\Scripts\TravelerAnim.cs(29,33): warning CS0618: 'Object.FindFirstObjectByType<T>()' is obsolete: 'FindFirstObjectByType has been deprecated because it relies on instance ID ordering. Use FindAnyObjectByType instead, which does not depend on ordering.'
Assets\Scripts\Editor\ApplyBridgeParams.cs(13,22): warning CS0618: 'Object.FindObjectOfType<T>()' is obsolete: 'Object.FindObjectOfType has been deprecated. Use Object.FindAnyObjectByType instead.'
Assets\Scripts\Editor\ApplyBridgeParams.cs(26,22): warning CS0618: 'Object.FindObjectOfType<T>()' is obsolete: 'Object.FindObjectOfType has been deprecated. Use Object.FindAnyObjectByType instead.'
Assets\Scripts\Editor\DebugCamera.cs(16,31): warning CS0618: 'Object.FindObjectsOfType<T>()' is obsolete: 'Object.FindObjectsOfType has been deprecated. Use Object.FindObjectsByType instead which lets you decide whether you need the results sorted or not.  FindObjectsOfType sorts the results by InstanceID but if you do not need this using FindObjectSortMode.None is considerably faster.'
Assets\Scripts\Editor\SetupWeatherWalkScene.cs(47,19): warning CS0618: 'Object.FindObjectOfType<T>()' is obsolete: 'Object.FindObjectOfType has been deprecated. Use Object.FindAnyObjectByType instead.'
Assets\Scripts\Editor\CleanupWeatherDuplicates.cs(24,30): warning CS0618: 'Object.GetInstanceID()' is obsolete: 'GetInstanceID is deprecated. Use GetEntityId instead. This will be removed in a future version.'
Assets\Scripts\Editor\CleanupWeatherDuplicates.cs(25,34): warning CS0618: 'Object.GetInstanceID()' is obsolete: 'GetInstanceID is deprecated. Use GetEntityId instead. This will be removed in a future version.'
Assets\Scripts\Editor\CleanupWeatherDuplicates.cs(40,73): warning CS0618: 'Object.GetInstanceID()' is obsolete: 'GetInstanceID is deprecated. Use GetEntityId instead. This will be removed in a future version.'
Assets\Scripts\Editor\CleanupWeatherDuplicates.cs(69,30): warning CS0618: 'Object.GetInstanceID()' is obsolete: 'GetInstanceID is deprecated. Use GetEntityId instead. This will be removed in a future version.'
Assets\Scripts\Editor\CleanupWeatherDuplicates.cs(70,34): warning CS0618: 'Object.GetInstanceID()' is obsolete: 'GetInstanceID is deprecated. Use GetEntityId instead. This will be removed in a future version.'
Assets\Scripts\Editor\CleanupWeatherDuplicates.cs(85,83): warning CS0618: 'Object.GetInstanceID()' is obsolete: 'GetInstanceID is deprecated. Use GetEntityId instead. This will be removed in a future version.'
Assets\Scripts\Editor\CleanupWeatherDuplicates.cs(111,18): warning CS0618: 'Object.FindObjectOfType<T>()' is obsolete: 'Object.FindObjectOfType has been deprecated. Use Object.FindAnyObjectByType instead.'
Assets\Scripts\Editor\CleanupWeatherDuplicates.cs(144,19): warning CS0618: 'Object.FindObjectOfType<T>()' is obsolete: 'Object.FindObjectOfType has been deprecated. Use Object.FindAnyObjectByType instead.'
AssetDatabase: script compilation time: 11.558208s
Begin MonoManager ReloadAssembly
Assembly Assembly-CSharp-Editor-firstpass.dll at Library/ScriptAssemblies/Assembly-CSharp-Editor-firstpass.dll not valid. Loading of assembly skipped.
Assembly Assembly-CSharp-firstpass.dll at Library/ScriptAssemblies/Assembly-CSharp-firstpass.dll not valid. Loading of assembly skipped.
Assembly DocCodeExamples.dll at Library/ScriptAssemblies/DocCodeExamples.dll not valid. Loading of assembly skipped.
Assembly TestNewCustomAssembly.dll at Library/ScriptAssemblies/TestNewCustomAssembly.dll not valid. Loading of assembly skipped.
Assembly Unity.2D.Animation.EditorTests.dll at Library/ScriptAssemblies/Unity.2D.Animation.EditorTests.dll not valid. Loading of assembly skipped.
Assembly Unity.2D.Aseprite.EditorTests.dll at Library/ScriptAssemblies/Unity.2D.Aseprite.EditorTests.dll not valid. Loading of assembly skipped.
Assembly Unity.2D.Common.EditorTests.dll at Library/ScriptAssemblies/Unity.2D.Common.EditorTests.dll not valid. Loading of assembly skipped.
Assembly Unity.2D.Psdimporter.EditorTests.dll at Library/ScriptAssemblies/Unity.2D.Psdimporter.EditorTests.dll not valid. Loading of assembly skipped.
Assembly Unity.2D.Sprite.Package.EditorTests.dll at Library/ScriptAssemblies/Unity.2D.Sprite.Package.EditorTests.dll not valid. Loading of assembly skipped.
Assembly Unity.2D.SpriteShape.EditorTests.dll at Library/ScriptAssemblies/Unity.2D.SpriteShape.EditorTests.dll not valid. Loading of assembly skipped.
Assembly Unity.2D.Tilemap.Package.EditorTests.dll at Library/ScriptAssemblies/Unity.2D.Tilemap.Package.EditorTests.dll not valid. Loading of assembly skipped.
Assembly Unity.Collections.BurstCompatibilityGen.dll at Library/ScriptAssemblies/Unity.Collections.BurstCompatibilityGen.dll not valid. Loading of assembly skipped.
Assembly Unity.Collections.DocCodeSamples.dll at Library/ScriptAssemblies/Unity.Collections.DocCodeSamples.dll not valid. Loading of assembly skipped.
Assembly Unity.Collections.PerformanceTests.dll at Library/ScriptAssemblies/Unity.Collections.PerformanceTests.dll not valid. Loading of assembly skipped.
Assembly Unity.Collections.Tests.dll at Library/ScriptAssemblies/Unity.Collections.Tests.dll not valid. Loading of assembly skipped.
Assembly Unity.Collections.Tests.Playmode.dll at Library/ScriptAssemblies/Unity.Collections.Tests.Playmode.dll not valid. Loading of assembly skipped.
Assembly Unity.InputSystem.IntegrationTests.dll at Library/ScriptAssemblies/Unity.InputSystem.IntegrationTests.dll not valid. Loading of assembly skipped.
Assembly Unity.Mathematics.Tests.dll at Library/ScriptAssemblies/Unity.Mathematics.Tests.dll not valid. Loading of assembly skipped.
Assembly Unity.Multiplayer.Center.Editor.Tests.dll at Library/ScriptAssemblies/Unity.Multiplayer.Center.Editor.Tests.dll not valid. Loading of assembly skipped.
Assembly Unity.Multiplayer.Center.Tests.dll at Library/ScriptAssemblies/Unity.Multiplayer.Center.Tests.dll not valid. Loading of assembly skipped.
Assembly Unity.Nuget.Mono-Cecil.dll at Library/ScriptAssemblies/Unity.Nuget.Mono-Cecil.dll not valid. Loading of assembly skipped.
Assembly Unity.PathTracing.Editor.Tests.dll at Library/ScriptAssemblies/Unity.PathTracing.Editor.Tests.dll not valid. Loading of assembly skipped.
Assembly Unity.PathTracing.Runtime.Tests.dll at Library/ScriptAssemblies/Unity.PathTracing.Runtime.Tests.dll not valid. Loading of assembly skipped.
Assembly Unity.RenderPipelines.Core.Editor.Tests.dll at Library/ScriptAssemblies/Unity.RenderPipelines.Core.Editor.Tests.dll not valid. Loading of assembly skipped.
Assembly Unity.RenderPipelines.Core.Runtime.Tests.dll at Library/ScriptAssemblies/Unity.RenderPipelines.Core.Runtime.Tests.dll not valid. Loading of assembly skipped.
Assembly Unity.RenderPipelines.Universal.Config.Editor.Tests.dll at Library/ScriptAssemblies/Unity.RenderPipelines.Universal.Config.Editor.Tests.dll not valid. Loading of assembly skipped.
Assembly Unity.RenderPipelines.Universal.Editor.Tests.dll at Library/ScriptAssemblies/Unity.RenderPipelines.Universal.Editor.Tests.dll not valid. Loading of assembly skipped.
Assembly Unity.RenderPipelines.Universal.Runtime.Tests.dll at Library/ScriptAssemblies/Unity.RenderPipelines.Universal.Runtime.Tests.dll not valid. Loading of assembly skipped.
Assembly Unity.Searcher.EditorTests.dll at Library/ScriptAssemblies/Unity.Searcher.EditorTests.dll not valid. Loading of assembly skipped.
Assembly Unity.Settings.Tests.dll at Library/ScriptAssemblies/Unity.Settings.Tests.dll not valid. Loading of assembly skipped.
Assembly Unity.ShaderGraph.Editor.Tests.dll at Library/ScriptAssemblies/Unity.ShaderGraph.Editor.Tests.dll not valid. Loading of assembly skipped.
Assembly Unity.TextMeshPro.Editor.Tests.dll at Library/ScriptAssemblies/Unity.TextMeshPro.Editor.Tests.dll not valid. Loading of assembly skipped.
Assembly Unity.TextMeshPro.Tests.dll at Library/ScriptAssemblies/Unity.TextMeshPro.Tests.dll not valid. Loading of assembly skipped.
Assembly Unity.UnifiedRayTracing.Editor.Tests.dll at Library/ScriptAssemblies/Unity.UnifiedRayTracing.Editor.Tests.dll not valid. Loading of assembly skipped.
Assembly Unity.VisualEffectGraph.Editor.Tests.dll at Library/ScriptAssemblies/Unity.VisualEffectGraph.Editor.Tests.dll not valid. Loading of assembly skipped.
Assembly Unity.VisualEffectGraph.Runtime.Tests.dll at Library/ScriptAssemblies/Unity.VisualEffectGraph.Runtime.Tests.dll not valid. Loading of assembly skipped.
Assembly UnityEditor.UI.Common.Tests.dll at Library/ScriptAssemblies/UnityEditor.UI.Common.Tests.dll not valid. Loading of assembly skipped.
Assembly UnityEditor.UI.EditorTests.dll at Library/ScriptAssemblies/UnityEditor.UI.EditorTests.dll not valid. Loading of assembly skipped.
Assembly UnityEngine.UI.Tests.dll at Library/ScriptAssemblies/UnityEngine.UI.Tests.dll not valid. Loading of assembly skipped.
'Packages/com.unity.cinemachine/Editor/Editors/CinemachineVirtualCameraBaseEditor.cs' contains partial class of Unity.Object, exactly 1 of the partial classes needs to be in a file with the same filename. This is to know the one that can be referenced from ie. GameObjects
'Packages/com.unity.cinemachine/Editor/Obsolete/CinemachineVirtualCameraBaseEditor.cs' contains partial class of Unity.Object, exactly 1 of the partial classes needs to be in a file with the same filename. This is to know the one that can be referenced from ie. GameObjects
Refreshing native plugins compatible for Editor in 2.74 ms, found 5 plugins.
Native extension for Android target not found
Native extension for WindowsStandalone target not found
Assembly reference Packages/com.unity.cinemachine/Editor/Samples/ExposeHDRPInternals/HDRP-Editor-ref.asmref has no target assembly definition
Refreshing native plugins compatible for Editor in 3.04 ms, found 5 plugins.
<b><color=#2EA3FF>MCP-FOR-UNITY</color></b>: Auto-discovered 30 tools and 18 resources (48 total handlers)
UnityEngine.Debug:ExtractStackTraceNoAlloc (byte*,int,string)
UnityEngine.StackTraceUtility:ExtractStackTrace ()
UnityEngine.DebugLogHandler:Internal_Log (UnityEngine.LogType,UnityEngine.LogOption,string,UnityEngine.Object)
UnityEngine.DebugLogHandler:LogFormat (UnityEngine.LogType,UnityEngine.Object,string,object[])
UnityEngine.Logger:Log (UnityEngine.LogType,object)
UnityEngine.Debug:Log (object)
MCPForUnity.Editor.Helpers.McpLog:Info (string,bool) (at ./Library/PackageCache/com.coplaydev.unity-mcp@efaf786e8772/Editor/Helpers/McpLog.cs:40)
MCPForUnity.Editor.Tools.CommandRegistry:AutoDiscoverCommands () (at ./Library/PackageCache/com.coplaydev.unity-mcp@efaf786e8772/Editor/Tools/CommandRegistry.cs:100)
MCPForUnity.Editor.Tools.CommandRegistry:Initialize () (at ./Library/PackageCache/com.coplaydev.unity-mcp@efaf786e8772/Editor/Tools/CommandRegistry.cs:50)
MCPForUnity.Editor.Services.Transport.TransportCommandDispatcher:EnsureInitialised () (at ./Library/PackageCache/com.coplaydev.unity-mcp@efaf786e8772/Editor/Services/Transport/TransportCommandDispatcher.cs:203)
MCPForUnity.Editor.Services.Transport.TransportCommandDispatcher:.cctor () (at ./Library/PackageCache/com.coplaydev.unity-mcp@efaf786e8772/Editor/Services/Transport/TransportCommandDispatcher.cs:76)
System.Runtime.CompilerServices.RuntimeHelpers:RunClassConstructor (System.RuntimeTypeHandle)
UnityEditor.EditorAssemblies:ProcessInitializeOnLoadAttributes (System.Type[])

(Filename: ./Library/PackageCache/com.coplaydev.unity-mcp@efaf786e8772/Editor/Helpers/McpLog.cs Line: 40)

[MODES] ModeService[none].Initialize
[MODES] ModeService[none].LoadModes
[MODES] Loading mode Default (0) for mode-current-id-SRP-Weather-Visual
ScheduleIndexationOnStartup MainProcess:True IndexOnStartup:True
Mono: successfully reloaded assembly
- Finished resetting the current domain, in  4.975 seconds
Domain Reload Profiling: 6065ms
	BeginReloadAssembly (286ms)
		DisableScriptedObjects (22ms)
		CreateAndSetChildDomain (144ms)
	RebuildCommonClasses (27ms)
	RebuildNativeTypeToScriptingClass (10ms)
	initialDomainReloadingComplete (81ms)
	LoadAllAssembliesAndSetupDomain (685ms)
		LoadAssemblies (396ms)
		AnalyzeDomain (369ms)
			TypeCache.Refresh (256ms)
				TypeCache.ScanAssembly (238ms)
			BuildScriptInfoCaches (99ms)
			ResolveRequiredComponents (12ms)
	FinalizeReload (4975ms)
		SetupLoadedEditorAssemblies (0ms)
			InitializePlatformSupportModulesInManaged (27ms)
			BeforeProcessingInitializeOnLoad (165ms)
			ProcessInitializeOnLoadAttributes (3819ms)
			ProcessInitializeOnLoadMethodAttributes (690ms)
			AfterProcessingInitializeOnLoad (7ms)
			EditorAssembliesLoaded (3ms)
		AwakeInstancesAfterBackupRestoration (78ms)
(Values over 0.050ms)
Asset Pipeline Refresh (id=2832e90445b4cb84c8384e7c97950e8c): Total: 18.294 seconds - Initiated by InitialRefreshV2(ForceSynchronousImport)
	Summary:
		Imports: total=0 (actual=0, local cache=0, cache server=0)
		Asset DB Process Time: managed=0 ms, native=5515 ms
		Asset DB Callback time: managed=29 ms, native=37 ms
		Scripting: domain reloads=1, domain reload time=1096 ms, compile time=11559 ms, other=56 ms
		Project Asset Count: scripts=1866, non-scripts=4213
		Asset File Changes: new=0, changed=0, moved=0, deleted=0
		Scan Filter Count: 0
	InvokePackagesCallback: 39.577ms
	ApplyChangesToAssetFolders: 1.101ms
	Scan: 156.091ms
	CategorizeScriptCompilationAssets: 50.311ms
	ProcessAssetsWithTransientArtifactChanges: 89.550ms
	CategorizeAssets: 70.753ms
	CompileScripts: 11559.379ms
	ImportOutOfDateAssets: 4988.427ms (4986.161ms without children)
		UnloadImportedAssets: 0.982ms
		EnsureUptoDateAssetsAreRegisteredWithGuidPM: 0.744ms
		OnDemandSchedulerStart: 0.517ms
	PostProcessAllAssets: 29.332ms
		MonoPostProcessAllAssets: 29.269ms
			UniversalRenderPipelineGlobalSettingsPostprocessor.OnPostprocessAllAssets 11.049ms
			SyncVS.PostprocessSyncProject 3.845ms
			SpeedTree9Postprocessor.OnPostprocessAllAssets 2.148ms
			WindowAssetPostprocessingWatcher.OnPostprocessAllAssets 1.307ms
			RenderPipelineGlobalSettingsPostprocessor.OnPostprocessAllAssets 0.896ms
			CinemachineSettings.OnPostprocessAllAssets 0.393ms
			ReferencedClipsPostProcessor.OnPostprocessAllAssets 0.371ms
			InputActionAssetPostprocessor.OnPostprocessAllAssets 0.353ms
			ProjectSettingsPostprocessor.OnPostprocessAllAssets 0.225ms
			TerrainToolbarOverlayPostProcessor.OnPostprocessAllAssets 0.224ms
			DomainReloadProcessor.OnPostprocessAllAssets 0.165ms
			AssetDatabaseCallbacks.OnPostprocessAllAssets 0.159ms
	UnloadStreamsBegin: 0.901ms
	PersistCurrentRevisions: 0.139ms
	GenerateScriptTypeHashes: 3.193ms
	GenerateScriptTypeSerializationHashes: 5.929ms
	Untracked: 1301.603ms

Application.AssetDatabase Initial Refresh End
Shader Hidden/ChartRasterizerHardware is not supported: GPU does not support conservative rasterization
Shader Hidden/ChartRasterizerHardware is not supported: GPU does not support conservative rasterization
Scanning for USB devices : 15.424ms
Initializing Unity extensions:
Unloading 113 Unused Serialized files (Serialized files now loaded: 0)
Unloading 9044 unused Assets / (15.2 MB). Loaded Objects now: 9767.
Memory consumption went from 235.0 MB to 219.8 MB.
Total: 13.921900 ms (FindLiveObjects: 0.719000 ms CreateObjectMapping: 0.573400 ms MarkObjects: 6.898500 ms  DeleteObjects: 5.728900 ms)

Start importing Assets/Settings/UniversalRP.asset using Guid(681886c5eb7344803b6206f758bf0b1c) (NativeFormatImporter) -> (Import Result ID: '5dce637b087b5bf1eee853c2e03f9b7e') in 0.0074132 seconds [static dependencies only]. Details - ImportResultOutputID=c76afcf7d9fc85b72a702b1189f2a845 DependenciesID=a2c6ace6cb4f42beeddc5a0a87bf675c StaticDependenciesID=d36c455978c720a1c3fe6773d9cc4fea
Refreshing native plugins compatible for Editor in 2.07 ms, found 5 plugins.
Asset Pipeline Refresh (id=2d9803f58dffd5445a92e3189298398b): Total: 0.156 seconds - Initiated by StopAssetImportingV2(NoUpdateAssetOptions)
1 URP assets included in build
- UniversalRP - Assets/Settings/UniversalRP.asset
	 - ForwardRenderer - Assets/Settings/ForwardRenderer.asset - UnityEngine.Rendering.Universal.UniversalRendererData
UnityEngine.Debug:ExtractStackTraceNoAlloc (byte*,int,string)
UnityEngine.StackTraceUtility:ExtractStackTrace ()
UnityEngine.DebugLogHandler:Internal_Log (UnityEngine.LogType,UnityEngine.LogOption,string,UnityEngine.Object)
UnityEngine.DebugLogHandler:LogFormat (UnityEngine.LogType,UnityEngine.Object,string,object[])
UnityEngine.Logger:Log (UnityEngine.LogType,object)
UnityEngine.Debug:Log (object)
UnityEditor.Rendering.Universal.URPPreprocessBuild:LogIncludedAssets (System.Collections.Generic.List`1<UnityEngine.Rendering.Universal.UniversalRenderPipelineAsset>) (at ./Library/PackageCache/com.unity.render-pipelines.universal@5e27d3932650/Editor/BuildProcessors/URPPreprocessBuild.cs:73)
UnityEditor.Rendering.Universal.URPPreprocessBuild:OnPreprocessBuild (UnityEditor.Build.Reporting.BuildReport) (at ./Library/PackageCache/com.unity.render-pipelines.universal@5e27d3932650/Editor/BuildProcessors/URPPreprocessBuild.cs:32)
UnityEditor.Build.BuildPipelineInterfaces/<>c__DisplayClass17_0:<OnBuildPreProcess>b__1 (UnityEditor.Build.IPreprocessBuildWithReport)
UnityEditor.Build.BuildPipelineInterfaces:InvokeCallbackInterfacesPair<UnityEditor.Build.IPreprocessBuild, UnityEditor.Build.IPreprocessBuildWithReport> (System.Collections.Generic.List`1<UnityEditor.Build.IPreprocessBuild>,System.Action`1<UnityEditor.Build.IPreprocessBuild>,System.Collections.Generic.List`1<UnityEditor.Build.IPreprocessBuildWithReport>,System.Action`1<UnityEditor.Build.IPreprocessBuildWithReport>,bool)
UnityEditor.Build.BuildPipelineInterfaces:OnBuildPreProcess (UnityEditor.Build.Reporting.BuildReport)
UnityEditor.BuildPipeline:BuildPlayerInternal (string[],string,string,UnityEditor.BuildTargetGroup,UnityEditor.BuildTarget,int,UnityEditor.BuildOptions,string[],bool)
UnityEditor.BuildPipeline:BuildPlayer (UnityEditor.BuildPlayerOptions)
SRP.F03.Editor.F03Build:BuildUnauthorizedDevelopmentProbe () (at Assets/F03/Editor/F03Build.cs:77)

(Filename: ./Library/PackageCache/com.unity.render-pipelines.universal@5e27d3932650/Editor/BuildProcessors/URPPreprocessBuild.cs Line: 73)

BuildFailedException: UNCONTROLLED_DEVELOPMENT_BUILD
  at SRP.Editor.FormalBuildGate.OnPreprocessBuild (UnityEditor.Build.Reporting.BuildReport report) [0x0003a] in D:\Agent\03-SRP-f03-worktree\02-技术研发\04-Unity视觉\SRP-Weather-Visual\Assets\Scripts\Editor\FormalBuildGate.cs:47
  at UnityEditor.Build.BuildPipelineInterfaces+<>c__DisplayClass17_0.<OnBuildPreProcess>b__1 (UnityEditor.Build.IPreprocessBuildWithReport bpp) [0x00000] in <d1fb1d0952624d8d8a5f883a28c2a524>:0
  at UnityEditor.Build.BuildPipelineInterfaces.InvokeCallbackInterfacesPair[T1,T2] (System.Collections.Generic.List`1[T] oneInterfaces, System.Action`1[T] invocationOne, System.Collections.Generic.List`1[T] twoInterfaces, System.Action`1[T] invocationTwo, System.Boolean exitOnFailure) [0x000b9] in <d1fb1d0952624d8d8a5f883a28c2a524>:0
UnityEngine.DebugLogHandler:Internal_LogException_Injected(Exception, IntPtr)
UnityEngine.DebugLogHandler:Internal_LogException(Exception, Object)
UnityEngine.DebugLogHandler:LogException(Exception, Object)
UnityEngine.Logger:LogException(Exception, Object)
UnityEngine.Debug:LogException(Exception)
UnityEditor.Build.BuildPipelineInterfaces:InvokeCallbackInterfacesPair(List`1, Action`1, List`1, Action`1, Boolean)
UnityEditor.Build.BuildPipelineInterfaces:OnBuildPreProcess(BuildReport)
UnityEditor.BuildPipeline:BuildPlayerInternal_Injected(String[], ManagedSpanWrapper&, ManagedSpanWrapper&, BuildTargetGroup, BuildTarget, Int32, BuildOptions, String[], Boolean)
UnityEditor.BuildPipeline:BuildPlayerInternal(String[], String, String, BuildTargetGroup, BuildTarget, Int32, BuildOptions, String[], Boolean)
UnityEditor.BuildPipeline:BuildPlayer(BuildPlayerOptions)
SRP.F03.Editor.F03Build:BuildUnauthorizedDevelopmentProbe() (at Assets\F03\Editor\F03Build.cs:77)

(Filename: Assets/Scripts/Editor/FormalBuildGate.cs Line: 47)

DisplayProgressNotification: Build Failed
Error building Player: BuildFailedException: UNCONTROLLED_DEVELOPMENT_BUILD
Unloading 0 Unused Serialized files (Serialized files now loaded: 0)
Unloading 48 unused Assets / (1.6 KB). Loaded Objects now: 9776.
Memory consumption went from 235.0 MB to 235.0 MB.
Total: 7.376100 ms (FindLiveObjects: 0.400600 ms CreateObjectMapping: 0.219300 ms MarkObjects: 6.723300 ms  DeleteObjects: 0.032100 ms)

Build Finished, Result: Failure.
##utp:{"type":"PlayerBuildInfo","version":2,"phase":"Immediate","time":1788098154538,"processId":8852,"steps":[{"description":"Preprocess Player","duration":199}],"duration":199}
BuildFailedException: UNAUTHORIZED_DEVELOPMENT_BUILD_UNEXPECTEDLY_COMPLETED
  at SRP.F03.Editor.F03Build.BuildUnauthorizedDevelopmentProbe () [0x00097] in D:\Agent\03-SRP-f03-worktree\02-技术研发\04-Unity视觉\SRP-Weather-Visual\Assets\F03\Editor\F03Build.cs:77

(Filename: Assets/F03/Editor/F03Build.cs Line: 77)

executeMethod method SRP.F03.Editor.F03Build.BuildUnauthorizedDevelopmentProbe threw exception.
Exiting without the bug reporter. Application will terminate with return code 1